period,destination_code,destination_iso,destination,export_value_usd,month,year
202301,8,ALB,Albania,9267.0,2023-01-01,2023
202301,12,DZA,Algeria,1916905.0,2023-01-01,2023
202301,24,AGO,Angola,5183.0,2023-01-01,2023
202301,28,ATG,Antigua and Barbuda,11191.0,2023-01-01,2023
202301,32,ARG,Argentina,2783946.0,2023-01-01,2023
202301,36,AUS,Australia,42401637.0,2023-01-01,2023
202301,40,AUT,Austria,17669079.0,2023-01-01,2023
202301,44,BHS,Bahamas,41967.0,2023-01-01,2023
202301,48,BHR,Bahrain,4968.0,2023-01-01,2023
202301,50,BGD,Bangladesh,12475870.0,2023-01-01,2023
202301,52,BRB,Barbados,50092.0,2023-01-01,2023
202301,56,BEL,Belgium,106905634.0,2023-01-01,2023
202301,68,BOL,Bolivia (Plurinational State of),1223.0,2023-01-01,2023
202301,70,BIH,Bosnia Herzegovina,228767.0,2023-01-01,2023
202301,72,BWA,Botswana,16310.0,2023-01-01,2023
202301,76,BRA,Brazil,34607272.0,2023-01-01,2023
202301,84,BLZ,Belize,93203.0,2023-01-01,2023
202301,96,BRN,Brunei Darussalam,23268.0,2023-01-01,2023
202301,100,BGR,Bulgaria,918489.0,2023-01-01,2023
202301,104,MMR,Myanmar,2444294.0,2023-01-01,2023
202301,112,BLR,Belarus,2020957.0,2023-01-01,2023
202301,116,KHM,Cambodia,55821.0,2023-01-01,2023
202301,120,CMR,Cameroon,86758.0,2023-01-01,2023
202301,124,CAN,Canada,17768557.0,2023-01-01,2023
202301,132,CPV,Cabo Verde,5779.0,2023-01-01,2023
202301,144,LKA,Sri Lanka,349144.0,2023-01-01,2023
202301,148,TCD,Chad,9066.0,2023-01-01,2023
202301,152,CHL,Chile,8303520.0,2023-01-01,2023
202301,170,COL,Colombia,4076684.0,2023-01-01,2023
202301,178,COG,Congo,1028.0,2023-01-01,2023
202301,180,COD,Dem. Rep. of the Congo,2604967.0,2023-01-01,2023
202301,188,CRI,Costa Rica,121838.0,2023-01-01,2023
202301,191,HRV,Croatia,925329.0,2023-01-01,2023
202301,192,CUB,Cuba,375155.0,2023-01-01,2023
202301,196,CYP,Cyprus,98730.0,2023-01-01,2023
202301,203,CZE,Czechia,70707712.0,2023-01-01,2023
202301,204,BEN,Benin,3132338.0,2023-01-01,2023
202301,208,DNK,Denmark,4197298.0,2023-01-01,2023
202301,214,DOM,Dominican Rep.,1462809.0,2023-01-01,2023
202301,218,ECU,Ecuador,225975.0,2023-01-01,2023
202301,222,SLV,El Salvador,116338.0,2023-01-01,2023
202301,226,GNQ,Equatorial Guinea,70531.0,2023-01-01,2023
202301,231,ETH,Ethiopia,2867312.0,2023-01-01,2023
202301,232,ERI,Eritrea,863496.0,2023-01-01,2023
202301,233,EST,Estonia,988533.0,2023-01-01,2023
202301,242,FJI,Fiji,158.0,2023-01-01,2023
202301,246,FIN,Finland,49035936.0,2023-01-01,2023
202301,251,FRA,France,26471198.0,2023-01-01,2023
202301,258,PYF,French Polynesia,172976.0,2023-01-01,2023
202301,262,DJI,Djibouti,262523.0,2023-01-01,2023
202301,270,GMB,Gambia,180049.0,2023-01-01,2023
202301,276,DEU,Germany,927673812.0,2023-01-01,2023
202301,288,GHA,Ghana,6101774.0,2023-01-01,2023
202301,296,KIR,Kiribati,333146.0,2023-01-01,2023
202301,300,GRC,Greece,8730706.0,2023-01-01,2023
202301,308,GRD,Grenada,3600.0,2023-01-01,2023
202301,320,GTM,Guatemala,135977.0,2023-01-01,2023
202301,324,GIN,Guinea,1496.0,2023-01-01,2023
202301,328,GUY,Guyana,73149.0,2023-01-01,2023
202301,332,HTI,Haiti,189469.0,2023-01-01,2023
202301,340,HND,Honduras,32316.0,2023-01-01,2023
202301,344,HKG,"China, Hong Kong SAR",82265214.0,2023-01-01,2023
202301,348,HUN,Hungary,83509675.0,2023-01-01,2023
202301,360,IDN,Indonesia,26839203.0,2023-01-01,2023
202301,364,IRN,Iran,375539.0,2023-01-01,2023
202301,368,IRQ,Iraq,898368.0,2023-01-01,2023
202301,372,IRL,Ireland,4034243.0,2023-01-01,2023
202301,376,ISR,Israel,2831567.0,2023-01-01,2023
202301,380,ITA,Italy,100833671.0,2023-01-01,2023
202301,384,CIV,Côte d'Ivoire,151274.0,2023-01-01,2023
202301,388,JAM,Jamaica,1262897.0,2023-01-01,2023
202301,392,JPN,Japan,170260717.0,2023-01-01,2023
202301,398,KAZ,Kazakhstan,894426.0,2023-01-01,2023
202301,400,JOR,Jordan,611805.0,2023-01-01,2023
202301,404,KEN,Kenya,1705133.0,2023-01-01,2023
202301,410,KOR,Rep. of Korea,700672528.0,2023-01-01,2023
202301,414,KWT,Kuwait,191007.0,2023-01-01,2023
202301,417,KGZ,Kyrgyzstan,75980.0,2023-01-01,2023
202301,418,LAO,Lao People's Dem. Rep.,1975.0,2023-01-01,2023
202301,422,LBN,Lebanon,3863843.0,2023-01-01,2023
202301,428,LVA,Latvia,7610.0,2023-01-01,2023
202301,430,LBR,Liberia,44756.0,2023-01-01,2023
202301,434,LBY,Libya,833708.0,2023-01-01,2023
202301,440,LTU,Lithuania,1874460.0,2023-01-01,2023
202301,442,LUX,Luxembourg,38484.0,2023-01-01,2023
202301,446,MAC,"China, Macao SAR",61545.0,2023-01-01,2023
202301,450,MDG,Madagascar,62138.0,2023-01-01,2023
202301,454,MWI,Malawi,497278.0,2023-01-01,2023
202301,458,MYS,Malaysia,21635069.0,2023-01-01,2023
202301,462,MDV,Maldives,22522.0,2023-01-01,2023
202301,466,MLI,Mali,2912687.0,2023-01-01,2023
202301,470,MLT,Malta,41308.0,2023-01-01,2023
202301,473,A79,"LAIA, nes",34.0,2023-01-01,2023
202301,478,MRT,Mauritania,13128.0,2023-01-01,2023
202301,480,MUS,Mauritius,116878.0,2023-01-01,2023
202301,484,MEX,Mexico,25290048.0,2023-01-01,2023
202301,490,S19,"Other Asia, nes",30910043.0,2023-01-01,2023
202301,496,MNG,Mongolia,128.0,2023-01-01,2023
202301,498,MDA,Rep. of Moldova,424596.0,2023-01-01,2023
202301,499,MNE,Montenegro,249.0,2023-01-01,2023
202301,504,MAR,Morocco,2344517.0,2023-01-01,2023
202301,508,MOZ,Mozambique,1105834.0,2023-01-01,2023
202301,512,OMN,Oman,238782.0,2023-01-01,2023
202301,516,NAM,Namibia,5567.0,2023-01-01,2023
202301,524,NPL,Nepal,3001.0,2023-01-01,2023
202301,528,NLD,Netherlands,416358870.0,2023-01-01,2023
202301,531,CUW,Curaçao,14289.0,2023-01-01,2023
202301,540,NCL,New Caledonia,7444994.0,2023-01-01,2023
202301,554,NZL,New Zealand,1777901.0,2023-01-01,2023
202301,558,NIC,Nicaragua,532299.0,2023-01-01,2023
202301,566,NGA,Nigeria,8728748.0,2023-01-01,2023
202301,579,NOR,Norway,6823083.0,2023-01-01,2023
202301,586,PAK,Pakistan,4666185.0,2023-01-01,2023
202301,591,PAN,Panama,2679406.0,2023-01-01,2023
202301,598,PNG,Papua New Guinea,615306.0,2023-01-01,2023
202301,600,PRY,Paraguay,70187.0,2023-01-01,2023
202301,604,PER,Peru,3193523.0,2023-01-01,2023
202301,608,PHL,Philippines,9557211.0,2023-01-01,2023
202301,616,POL,Poland,68023915.0,2023-01-01,2023
202301,620,PRT,Portugal,7283890.0,2023-01-01,2023
202301,626,TLS,Timor-Leste,3230.0,2023-01-01,2023
202301,634,QAT,Qatar,293855.0,2023-01-01,2023
202301,642,ROU,Romania,5879061.0,2023-01-01,2023
202301,643,RUS,Russian Federation,32863188.0,2023-01-01,2023
202301,646,RWA,Rwanda,944152.0,2023-01-01,2023
202301,659,KNA,Saint Kitts and Nevis,27600.0,2023-01-01,2023
202301,674,SMR,San Marino,11650.0,2023-01-01,2023
202301,678,STP,Sao Tome and Principe,36250.0,2023-01-01,2023
202301,682,SAU,Saudi Arabia,56625059.0,2023-01-01,2023
202301,686,SEN,Senegal,52516.0,2023-01-01,2023
202301,688,SRB,Serbia,65580.0,2023-01-01,2023
202301,694,SLE,Sierra Leone,175270.0,2023-01-01,2023
202301,699,IND,India,225682975.0,2023-01-01,2023
202301,702,SGP,Singapore,7221236.0,2023-01-01,2023
202301,703,SVK,Slovakia,40812929.0,2023-01-01,2023
202301,704,VNM,Viet Nam,229166114.0,2023-01-01,2023
202301,705,SVN,Slovenia,30659260.0,2023-01-01,2023
202301,706,SOM,Somalia,242113.0,2023-01-01,2023
202301,710,ZAF,South Africa,86816951.0,2023-01-01,2023
202301,716,ZWE,Zimbabwe,2958337.0,2023-01-01,2023
202301,724,ESP,Spain,176673475.0,2023-01-01,2023
202301,728,SSD,South Sudan,512821.0,2023-01-01,2023
202301,729,SDN,Sudan,113155.0,2023-01-01,2023
202301,752,SWE,Sweden,12791410.0,2023-01-01,2023
202301,757,CHE,Switzerland,5070666.0,2023-01-01,2023
202301,760,SYR,Syria,118390.0,2023-01-01,2023
202301,762,TJK,Tajikistan,6598.0,2023-01-01,2023
202301,764,THA,Thailand,27056109.0,2023-01-01,2023
202301,768,TGO,Togo,2075811.0,2023-01-01,2023
202301,780,TTO,Trinidad and Tobago,2750.0,2023-01-01,2023
202301,784,ARE,United Arab Emirates,15049585.0,2023-01-01,2023
202301,788,TUN,Tunisia,28366.0,2023-01-01,2023
202301,792,TUR,Türkiye,30055060.0,2023-01-01,2023
202301,800,UGA,Uganda,22363.0,2023-01-01,2023
202301,804,UKR,Ukraine,14714960.0,2023-01-01,2023
202301,807,MKD,North Macedonia,24423.0,2023-01-01,2023
202301,818,EGY,Egypt,3491268.0,2023-01-01,2023
202301,826,GBR,United Kingdom,111936522.0,2023-01-01,2023
202301,834,TZA,United Rep. of Tanzania,1836199.0,2023-01-01,2023
202301,842,USA,USA,1348053642.0,2023-01-01,2023
202301,854,BFA,Burkina Faso,258310.0,2023-01-01,2023
202301,858,URY,Uruguay,335545.0,2023-01-01,2023
202301,860,UZB,Uzbekistan,7430.0,2023-01-01,2023
202301,862,VEN,Venezuela,87125.0,2023-01-01,2023
202301,887,YEM,Yemen,6317.0,2023-01-01,2023
202301,894,ZMB,Zambia,63597.0,2023-01-01,2023
202301,899,_X ,"Areas, nes",158851.0,2023-01-01,2023
202302,4,AFG,Afghanistan,301565.0,2023-02-01,2023
202302,8,ALB,Albania,250.0,2023-02-01,2023
202302,12,DZA,Algeria,8402889.0,2023-02-01,2023
202302,24,AGO,Angola,15131.0,2023-02-01,2023
202302,32,ARG,Argentina,2659503.0,2023-02-01,2023
202302,36,AUS,Australia,21579293.0,2023-02-01,2023
202302,40,AUT,Austria,25067991.0,2023-02-01,2023
202302,44,BHS,Bahamas,95723.0,2023-02-01,2023
202302,48,BHR,Bahrain,12568.0,2023-02-01,2023
202302,50,BGD,Bangladesh,4072271.0,2023-02-01,2023
202302,52,BRB,Barbados,65491.0,2023-02-01,2023
202302,56,BEL,Belgium,132875776.0,2023-02-01,2023
202302,68,BOL,Bolivia (Plurinational State of),302923.0,2023-02-01,2023
202302,70,BIH,Bosnia Herzegovina,8928.0,2023-02-01,2023
202302,72,BWA,Botswana,177656.0,2023-02-01,2023
202302,76,BRA,Brazil,26868549.0,2023-02-01,2023
202302,96,BRN,Brunei Darussalam,179160.0,2023-02-01,2023
202302,100,BGR,Bulgaria,2393941.0,2023-02-01,2023
202302,104,MMR,Myanmar,1590577.0,2023-02-01,2023
202302,108,BDI,Burundi,91042.0,2023-02-01,2023
202302,112,BLR,Belarus,416962.0,2023-02-01,2023
202302,116,KHM,Cambodia,1028664.0,2023-02-01,2023
202302,120,CMR,Cameroon,253650.0,2023-02-01,2023
202302,124,CAN,Canada,4062748.0,2023-02-01,2023
202302,144,LKA,Sri Lanka,194974.0,2023-02-01,2023
202302,148,TCD,Chad,1767102.0,2023-02-01,2023
202302,152,CHL,Chile,30334819.0,2023-02-01,2023
202302,170,COL,Colombia,2831290.0,2023-02-01,2023
202302,178,COG,Congo,3980.0,2023-02-01,2023
202302,180,COD,Dem. Rep. of the Congo,1358558.0,2023-02-01,2023
202302,188,CRI,Costa Rica,431105.0,2023-02-01,2023
202302,191,HRV,Croatia,223764.0,2023-02-01,2023
202302,196,CYP,Cyprus,7520.0,2023-02-01,2023
202302,203,CZE,Czechia,102896975.0,2023-02-01,2023
202302,204,BEN,Benin,206831.0,2023-02-01,2023
202302,208,DNK,Denmark,3225000.0,2023-02-01,2023
202302,212,DMA,Dominica,282.0,2023-02-01,2023
202302,214,DOM,Dominican Rep.,1208945.0,2023-02-01,2023
202302,218,ECU,Ecuador,41957.0,2023-02-01,2023
202302,222,SLV,El Salvador,169781.0,2023-02-01,2023
202302,226,GNQ,Equatorial Guinea,276038.0,2023-02-01,2023
202302,231,ETH,Ethiopia,1646359.0,2023-02-01,2023
202302,232,ERI,Eritrea,15162.0,2023-02-01,2023
202302,233,EST,Estonia,204491.0,2023-02-01,2023
202302,242,FJI,Fiji,2516.0,2023-02-01,2023
202302,246,FIN,Finland,31078424.0,2023-02-01,2023
202302,251,FRA,France,27918720.0,2023-02-01,2023
202302,258,PYF,French Polynesia,18763.0,2023-02-01,2023
202302,262,DJI,Djibouti,2073048.0,2023-02-01,2023
202302,270,GMB,Gambia,1641.0,2023-02-01,2023
202302,275,PSE,State of Palestine,4702.0,2023-02-01,2023
202302,276,DEU,Germany,764343645.0,2023-02-01,2023
202302,288,GHA,Ghana,338056.0,2023-02-01,2023
202302,300,GRC,Greece,982355.0,2023-02-01,2023
202302,308,GRD,Grenada,15400.0,2023-02-01,2023
202302,320,GTM,Guatemala,845587.0,2023-02-01,2023
202302,324,GIN,Guinea,9734.0,2023-02-01,2023
202302,328,GUY,Guyana,11441.0,2023-02-01,2023
202302,332,HTI,Haiti,5900.0,2023-02-01,2023
202302,340,HND,Honduras,230886.0,2023-02-01,2023
202302,344,HKG,"China, Hong Kong SAR",94284737.0,2023-02-01,2023
202302,348,HUN,Hungary,93376154.0,2023-02-01,2023
202302,352,ISL,Iceland,90527.0,2023-02-01,2023
202302,360,IDN,Indonesia,23144393.0,2023-02-01,2023
202302,364,IRN,Iran,305111.0,2023-02-01,2023
202302,368,IRQ,Iraq,1171770.0,2023-02-01,2023
202302,372,IRL,Ireland,668428.0,2023-02-01,2023
202302,376,ISR,Israel,12228063.0,2023-02-01,2023
202302,380,ITA,Italy,85640248.0,2023-02-01,2023
202302,384,CIV,Côte d'Ivoire,267511.0,2023-02-01,2023
202302,388,JAM,Jamaica,428854.0,2023-02-01,2023
202302,392,JPN,Japan,165777753.0,2023-02-01,2023
202302,398,KAZ,Kazakhstan,2556092.0,2023-02-01,2023
202302,400,JOR,Jordan,589839.0,2023-02-01,2023
202302,404,KEN,Kenya,1881173.0,2023-02-01,2023
202302,410,KOR,Rep. of Korea,641374393.0,2023-02-01,2023
202302,414,KWT,Kuwait,70139.0,2023-02-01,2023
202302,417,KGZ,Kyrgyzstan,193000.0,2023-02-01,2023
202302,418,LAO,Lao People's Dem. Rep.,249782.0,2023-02-01,2023
202302,422,LBN,Lebanon,2022511.0,2023-02-01,2023
202302,428,LVA,Latvia,21058.0,2023-02-01,2023
202302,430,LBR,Liberia,2701.0,2023-02-01,2023
202302,434,LBY,Libya,254834.0,2023-02-01,2023
202302,440,LTU,Lithuania,535641.0,2023-02-01,2023
202302,442,LUX,Luxembourg,13032.0,2023-02-01,2023
202302,446,MAC,"China, Macao SAR",38911.0,2023-02-01,2023
202302,450,MDG,Madagascar,2061192.0,2023-02-01,2023
202302,454,MWI,Malawi,220874.0,2023-02-01,2023
202302,458,MYS,Malaysia,21812142.0,2023-02-01,2023
202302,466,MLI,Mali,73268.0,2023-02-01,2023
202302,470,MLT,Malta,22297.0,2023-02-01,2023
202302,473,A79,"LAIA, nes",164035.0,2023-02-01,2023
202302,478,MRT,Mauritania,6846.0,2023-02-01,2023
202302,480,MUS,Mauritius,8733.0,2023-02-01,2023
202302,484,MEX,Mexico,35139300.0,2023-02-01,2023
202302,490,S19,"Other Asia, nes",25547835.0,2023-02-01,2023
202302,496,MNG,Mongolia,1033.0,2023-02-01,2023
202302,499,MNE,Montenegro,7204.0,2023-02-01,2023
202302,504,MAR,Morocco,2411092.0,2023-02-01,2023
202302,508,MOZ,Mozambique,1738646.0,2023-02-01,2023
202302,512,OMN,Oman,8638.0,2023-02-01,2023
202302,516,NAM,Namibia,263262.0,2023-02-01,2023
202302,524,NPL,Nepal,1107228.0,2023-02-01,2023
202302,528,NLD,Netherlands,343401959.0,2023-02-01,2023
202302,531,CUW,Curaçao,16149.0,2023-02-01,2023
202302,540,NCL,New Caledonia,32855.0,2023-02-01,2023
202302,554,NZL,New Zealand,1215925.0,2023-02-01,2023
202302,566,NGA,Nigeria,10716088.0,2023-02-01,2023
202302,579,NOR,Norway,2462804.0,2023-02-01,2023
202302,586,PAK,Pakistan,1265497.0,2023-02-01,2023
202302,591,PAN,Panama,3193930.0,2023-02-01,2023
202302,598,PNG,Papua New Guinea,29230.0,2023-02-01,2023
202302,600,PRY,Paraguay,228067.0,2023-02-01,2023
202302,604,PER,Peru,2921491.0,2023-02-01,2023
202302,608,PHL,Philippines,8678839.0,2023-02-01,2023
202302,616,POL,Poland,68577251.0,2023-02-01,2023
202302,620,PRT,Portugal,8483420.0,2023-02-01,2023
202302,634,QAT,Qatar,13363.0,2023-02-01,2023
202302,642,ROU,Romania,2730608.0,2023-02-01,2023
202302,643,RUS,Russian Federation,18463197.0,2023-02-01,2023
202302,662,LCA,Saint Lucia,248.0,2023-02-01,2023
202302,682,SAU,Saudi Arabia,517186.0,2023-02-01,2023
202302,686,SEN,Senegal,263214.0,2023-02-01,2023
202302,688,SRB,Serbia,122598.0,2023-02-01,2023
202302,699,IND,India,186241623.0,2023-02-01,2023
202302,702,SGP,Singapore,7760642.0,2023-02-01,2023
202302,703,SVK,Slovakia,96125264.0,2023-02-01,2023
202302,704,VNM,Viet Nam,198927999.0,2023-02-01,2023
202302,705,SVN,Slovenia,45295456.0,2023-02-01,2023
202302,710,ZAF,South Africa,90586311.0,2023-02-01,2023
202302,716,ZWE,Zimbabwe,623883.0,2023-02-01,2023
202302,724,ESP,Spain,114935311.0,2023-02-01,2023
202302,728,SSD,South Sudan,1844.0,2023-02-01,2023
202302,729,SDN,Sudan,761996.0,2023-02-01,2023
202302,752,SWE,Sweden,3141422.0,2023-02-01,2023
202302,757,CHE,Switzerland,1680685.0,2023-02-01,2023
202302,760,SYR,Syria,202001.0,2023-02-01,2023
202302,764,THA,Thailand,20312536.0,2023-02-01,2023
202302,780,TTO,Trinidad and Tobago,9636.0,2023-02-01,2023
202302,784,ARE,United Arab Emirates,7417877.0,2023-02-01,2023
202302,788,TUN,Tunisia,519906.0,2023-02-01,2023
202302,792,TUR,Türkiye,11760121.0,2023-02-01,2023
202302,795,TKM,Turkmenistan,37177.0,2023-02-01,2023
202302,800,UGA,Uganda,5513.0,2023-02-01,2023
202302,804,UKR,Ukraine,3755497.0,2023-02-01,2023
202302,807,MKD,North Macedonia,12405.0,2023-02-01,2023
202302,818,EGY,Egypt,665276.0,2023-02-01,2023
202302,826,GBR,United Kingdom,86633628.0,2023-02-01,2023
202302,834,TZA,United Rep. of Tanzania,850473.0,2023-02-01,2023
202302,842,USA,USA,830253723.0,2023-02-01,2023
202302,854,BFA,Burkina Faso,297307.0,2023-02-01,2023
202302,858,URY,Uruguay,801873.0,2023-02-01,2023
202302,860,UZB,Uzbekistan,68756.0,2023-02-01,2023
202302,862,VEN,Venezuela,11238.0,2023-02-01,2023
202302,887,YEM,Yemen,3617.0,2023-02-01,2023
202302,894,ZMB,Zambia,39637.0,2023-02-01,2023
202302,899,_X ,"Areas, nes",308473.0,2023-02-01,2023
202303,8,ALB,Albania,51532.0,2023-03-01,2023
202303,12,DZA,Algeria,50863.0,2023-03-01,2023
202303,20,AND,Andorra,419.0,2023-03-01,2023
202303,24,AGO,Angola,11361.0,2023-03-01,2023
202303,32,ARG,Argentina,4800449.0,2023-03-01,2023
202303,36,AUS,Australia,32305002.0,2023-03-01,2023
202303,40,AUT,Austria,5303457.0,2023-03-01,2023
202303,44,BHS,Bahamas,2559.0,2023-03-01,2023
202303,48,BHR,Bahrain,3906.0,2023-03-01,2023
202303,50,BGD,Bangladesh,11208974.0,2023-03-01,2023
202303,52,BRB,Barbados,57098.0,2023-03-01,2023
202303,56,BEL,Belgium,110580208.0,2023-03-01,2023
202303,64,BTN,Bhutan,146345.0,2023-03-01,2023
202303,68,BOL,Bolivia (Plurinational State of),28221.0,2023-03-01,2023
202303,70,BIH,Bosnia Herzegovina,228.0,2023-03-01,2023
202303,72,BWA,Botswana,315817.0,2023-03-01,2023
202303,76,BRA,Brazil,29052145.0,2023-03-01,2023
202303,84,BLZ,Belize,5240.0,2023-03-01,2023
202303,96,BRN,Brunei Darussalam,162416.0,2023-03-01,2023
202303,100,BGR,Bulgaria,8279909.0,2023-03-01,2023
202303,104,MMR,Myanmar,6745108.0,2023-03-01,2023
202303,108,BDI,Burundi,5527.0,2023-03-01,2023
202303,112,BLR,Belarus,690101.0,2023-03-01,2023
202303,116,KHM,Cambodia,1475240.0,2023-03-01,2023
202303,120,CMR,Cameroon,412897.0,2023-03-01,2023
202303,124,CAN,Canada,17865587.0,2023-03-01,2023
202303,140,CAF,Central African Rep.,5272243.0,2023-03-01,2023
202303,144,LKA,Sri Lanka,575650.0,2023-03-01,2023
202303,152,CHL,Chile,19556422.0,2023-03-01,2023
202303,170,COL,Colombia,3210074.0,2023-03-01,2023
202303,178,COG,Congo,580527.0,2023-03-01,2023
202303,180,COD,Dem. Rep. of the Congo,2231750.0,2023-03-01,2023
202303,184,COK,Cook Isds,45.0,2023-03-01,2023
202303,188,CRI,Costa Rica,238814.0,2023-03-01,2023
202303,191,HRV,Croatia,1421820.0,2023-03-01,2023
202303,192,CUB,Cuba,118679.0,2023-03-01,2023
202303,196,CYP,Cyprus,43501.0,2023-03-01,2023
202303,203,CZE,Czechia,95509387.0,2023-03-01,2023
202303,204,BEN,Benin,1227352.0,2023-03-01,2023
202303,208,DNK,Denmark,3090260.0,2023-03-01,2023
202303,212,DMA,Dominica,6297.0,2023-03-01,2023
202303,214,DOM,Dominican Rep.,241576.0,2023-03-01,2023
202303,218,ECU,Ecuador,165110.0,2023-03-01,2023
202303,222,SLV,El Salvador,18502.0,2023-03-01,2023
202303,226,GNQ,Equatorial Guinea,364556.0,2023-03-01,2023
202303,231,ETH,Ethiopia,241886.0,2023-03-01,2023
202303,233,EST,Estonia,323168.0,2023-03-01,2023
202303,246,FIN,Finland,14169448.0,2023-03-01,2023
202303,251,FRA,France,35340539.0,2023-03-01,2023
202303,258,PYF,French Polynesia,16946.0,2023-03-01,2023
202303,262,DJI,Djibouti,410509.0,2023-03-01,2023
202303,266,GAB,Gabon,102965.0,2023-03-01,2023
202303,275,PSE,State of Palestine,5255.0,2023-03-01,2023
202303,276,DEU,Germany,1164679620.0,2023-03-01,2023
202303,288,GHA,Ghana,92439.0,2023-03-01,2023
202303,300,GRC,Greece,2510621.0,2023-03-01,2023
202303,308,GRD,Grenada,18540.0,2023-03-01,2023
202303,320,GTM,Guatemala,373273.0,2023-03-01,2023
202303,328,GUY,Guyana,115898.0,2023-03-01,2023
202303,332,HTI,Haiti,1861957.0,2023-03-01,2023
202303,340,HND,Honduras,59465.0,2023-03-01,2023
202303,344,HKG,"China, Hong Kong SAR",127030489.0,2023-03-01,2023
202303,348,HUN,Hungary,27023264.0,2023-03-01,2023
202303,352,ISL,Iceland,257924.0,2023-03-01,2023
202303,360,IDN,Indonesia,34385058.0,2023-03-01,2023
202303,364,IRN,Iran,1324283.0,2023-03-01,2023
202303,368,IRQ,Iraq,484542.0,2023-03-01,2023
202303,372,IRL,Ireland,3468895.0,2023-03-01,2023
202303,376,ISR,Israel,1871258.0,2023-03-01,2023
202303,380,ITA,Italy,105988470.0,2023-03-01,2023
202303,384,CIV,Côte d'Ivoire,595469.0,2023-03-01,2023
202303,388,JAM,Jamaica,577357.0,2023-03-01,2023
202303,392,JPN,Japan,178012723.0,2023-03-01,2023
202303,398,KAZ,Kazakhstan,3583707.0,2023-03-01,2023
202303,400,JOR,Jordan,725715.0,2023-03-01,2023
202303,404,KEN,Kenya,2094099.0,2023-03-01,2023
202303,410,KOR,Rep. of Korea,762999206.0,2023-03-01,2023
202303,414,KWT,Kuwait,241836.0,2023-03-01,2023
202303,417,KGZ,Kyrgyzstan,208247.0,2023-03-01,2023
202303,418,LAO,Lao People's Dem. Rep.,22397.0,2023-03-01,2023
202303,422,LBN,Lebanon,8723091.0,2023-03-01,2023
202303,428,LVA,Latvia,154218.0,2023-03-01,2023
202303,430,LBR,Liberia,52592.0,2023-03-01,2023
202303,434,LBY,Libya,90074.0,2023-03-01,2023
202303,440,LTU,Lithuania,896126.0,2023-03-01,2023
202303,442,LUX,Luxembourg,168596.0,2023-03-01,2023
202303,446,MAC,"China, Macao SAR",64413.0,2023-03-01,2023
202303,450,MDG,Madagascar,168559.0,2023-03-01,2023
202303,454,MWI,Malawi,261141.0,2023-03-01,2023
202303,458,MYS,Malaysia,25660337.0,2023-03-01,2023
202303,462,MDV,Maldives,1666.0,2023-03-01,2023
202303,466,MLI,Mali,1367325.0,2023-03-01,2023
202303,470,MLT,Malta,47760.0,2023-03-01,2023
202303,473,A79,"LAIA, nes",560210.0,2023-03-01,2023
202303,478,MRT,Mauritania,2691.0,2023-03-01,2023
202303,480,MUS,Mauritius,12719.0,2023-03-01,2023
202303,484,MEX,Mexico,47691361.0,2023-03-01,2023
202303,490,S19,"Other Asia, nes",31807636.0,2023-03-01,2023
202303,496,MNG,Mongolia,36264.0,2023-03-01,2023
202303,499,MNE,Montenegro,9660.0,2023-03-01,2023
202303,504,MAR,Morocco,2768403.0,2023-03-01,2023
202303,508,MOZ,Mozambique,1391959.0,2023-03-01,2023
202303,512,OMN,Oman,140673.0,2023-03-01,2023
202303,516,NAM,Namibia,340999.0,2023-03-01,2023
202303,524,NPL,Nepal,1411604.0,2023-03-01,2023
202303,528,NLD,Netherlands,350564853.0,2023-03-01,2023
202303,531,CUW,Curaçao,10680.0,2023-03-01,2023
202303,533,ABW,Aruba,11392.0,2023-03-01,2023
202303,540,NCL,New Caledonia,18329.0,2023-03-01,2023
202303,548,VUT,Vanuatu,35.0,2023-03-01,2023
202303,554,NZL,New Zealand,3839494.0,2023-03-01,2023
202303,558,NIC,Nicaragua,62544.0,2023-03-01,2023
202303,562,NER,Niger,388296.0,2023-03-01,2023
202303,566,NGA,Nigeria,6821316.0,2023-03-01,2023
202303,577,F19,"Other Africa, nes",219490.0,2023-03-01,2023
202303,579,NOR,Norway,4891665.0,2023-03-01,2023
202303,584,MHL,Marshall Isds,544.0,2023-03-01,2023
202303,586,PAK,Pakistan,3427367.0,2023-03-01,2023
202303,591,PAN,Panama,4057113.0,2023-03-01,2023
202303,598,PNG,Papua New Guinea,240057.0,2023-03-01,2023
202303,600,PRY,Paraguay,355340.0,2023-03-01,2023
202303,604,PER,Peru,1865650.0,2023-03-01,2023
202303,608,PHL,Philippines,10722969.0,2023-03-01,2023
202303,616,POL,Poland,96957667.0,2023-03-01,2023
202303,620,PRT,Portugal,5806780.0,2023-03-01,2023
202303,626,TLS,Timor-Leste,1566.0,2023-03-01,2023
202303,634,QAT,Qatar,294308.0,2023-03-01,2023
202303,642,ROU,Romania,4596636.0,2023-03-01,2023
202303,643,RUS,Russian Federation,23174627.0,2023-03-01,2023
202303,646,RWA,Rwanda,652370.0,2023-03-01,2023
202303,662,LCA,Saint Lucia,2000.0,2023-03-01,2023
202303,674,SMR,San Marino,10500.0,2023-03-01,2023
202303,682,SAU,Saudi Arabia,36556558.0,2023-03-01,2023
202303,686,SEN,Senegal,274939.0,2023-03-01,2023
202303,688,SRB,Serbia,174934.0,2023-03-01,2023
202303,690,SYC,Seychelles,5087.0,2023-03-01,2023
202303,694,SLE,Sierra Leone,134921.0,2023-03-01,2023
202303,699,IND,India,202572218.0,2023-03-01,2023
202303,702,SGP,Singapore,7098923.0,2023-03-01,2023
202303,703,SVK,Slovakia,162624380.0,2023-03-01,2023
202303,704,VNM,Viet Nam,230017597.0,2023-03-01,2023
202303,705,SVN,Slovenia,31722680.0,2023-03-01,2023
202303,706,SOM,Somalia,658503.0,2023-03-01,2023
202303,710,ZAF,South Africa,185388551.0,2023-03-01,2023
202303,716,ZWE,Zimbabwe,3924935.0,2023-03-01,2023
202303,724,ESP,Spain,131044525.0,2023-03-01,2023
202303,728,SSD,South Sudan,401332.0,2023-03-01,2023
202303,729,SDN,Sudan,1449160.0,2023-03-01,2023
202303,740,SUR,Suriname,2663.0,2023-03-01,2023
202303,748,SWZ,Eswatini,3985.0,2023-03-01,2023
202303,752,SWE,Sweden,14074617.0,2023-03-01,2023
202303,757,CHE,Switzerland,3874564.0,2023-03-01,2023
202303,760,SYR,Syria,138390.0,2023-03-01,2023
202303,762,TJK,Tajikistan,1583225.0,2023-03-01,2023
202303,764,THA,Thailand,21835819.0,2023-03-01,2023
202303,768,TGO,Togo,638356.0,2023-03-01,2023
202303,776,TON,Tonga,127.0,2023-03-01,2023
202303,780,TTO,Trinidad and Tobago,40197.0,2023-03-01,2023
202303,784,ARE,United Arab Emirates,8866237.0,2023-03-01,2023
202303,788,TUN,Tunisia,308506.0,2023-03-01,2023
202303,792,TUR,Türkiye,14197679.0,2023-03-01,2023
202303,798,TUV,Tuvalu,740782.0,2023-03-01,2023
202303,800,UGA,Uganda,126207.0,2023-03-01,2023
202303,804,UKR,Ukraine,4256295.0,2023-03-01,2023
202303,807,MKD,North Macedonia,26891.0,2023-03-01,2023
202303,818,EGY,Egypt,2352362.0,2023-03-01,2023
202303,826,GBR,United Kingdom,77413511.0,2023-03-01,2023
202303,834,TZA,United Rep. of Tanzania,481675.0,2023-03-01,2023
202303,842,USA,USA,1102115190.0,2023-03-01,2023
202303,854,BFA,Burkina Faso,226071.0,2023-03-01,2023
202303,858,URY,Uruguay,804302.0,2023-03-01,2023
202303,860,UZB,Uzbekistan,73976.0,2023-03-01,2023
202303,862,VEN,Venezuela,13860.0,2023-03-01,2023
202303,894,ZMB,Zambia,131159.0,2023-03-01,2023
202303,899,_X ,"Areas, nes",352716.0,2023-03-01,2023
202304,8,ALB,Albania,253656.0,2023-04-01,2023
202304,12,DZA,Algeria,402452.0,2023-04-01,2023
202304,20,AND,Andorra,242.0,2023-04-01,2023
202304,24,AGO,Angola,116493.0,2023-04-01,2023
202304,28,ATG,Antigua and Barbuda,22362.0,2023-04-01,2023
202304,32,ARG,Argentina,11535776.0,2023-04-01,2023
202304,36,AUS,Australia,47075466.0,2023-04-01,2023
202304,40,AUT,Austria,12427664.0,2023-04-01,2023
202304,44,BHS,Bahamas,17109.0,2023-04-01,2023
202304,48,BHR,Bahrain,1349.0,2023-04-01,2023
202304,50,BGD,Bangladesh,5101313.0,2023-04-01,2023
202304,52,BRB,Barbados,29040.0,2023-04-01,2023
202304,56,BEL,Belgium,88363945.0,2023-04-01,2023
202304,64,BTN,Bhutan,909.0,2023-04-01,2023
202304,68,BOL,Bolivia (Plurinational State of),316949.0,2023-04-01,2023
202304,72,BWA,Botswana,84666.0,2023-04-01,2023
202304,76,BRA,Brazil,29912722.0,2023-04-01,2023
202304,84,BLZ,Belize,7278.0,2023-04-01,2023
202304,92,VGB,Br. Virgin Isds,557343.0,2023-04-01,2023
202304,96,BRN,Brunei Darussalam,53502.0,2023-04-01,2023
202304,100,BGR,Bulgaria,20698850.0,2023-04-01,2023
202304,104,MMR,Myanmar,3460511.0,2023-04-01,2023
202304,112,BLR,Belarus,128719.0,2023-04-01,2023
202304,116,KHM,Cambodia,478627.0,2023-04-01,2023
202304,120,CMR,Cameroon,326657.0,2023-04-01,2023
202304,124,CAN,Canada,18894921.0,2023-04-01,2023
202304,144,LKA,Sri Lanka,232906.0,2023-04-01,2023
202304,148,TCD,Chad,26642.0,2023-04-01,2023
202304,152,CHL,Chile,2655665.0,2023-04-01,2023
202304,170,COL,Colombia,2477079.0,2023-04-01,2023
202304,178,COG,Congo,148400.0,2023-04-01,2023
202304,180,COD,Dem. Rep. of the Congo,1718418.0,2023-04-01,2023
202304,184,COK,Cook Isds,2875.0,2023-04-01,2023
202304,188,CRI,Costa Rica,23776.0,2023-04-01,2023
202304,191,HRV,Croatia,1664157.0,2023-04-01,2023
202304,192,CUB,Cuba,15368.0,2023-04-01,2023
202304,196,CYP,Cyprus,113284.0,2023-04-01,2023
202304,203,CZE,Czechia,61609026.0,2023-04-01,2023
202304,204,BEN,Benin,1224306.0,2023-04-01,2023
202304,208,DNK,Denmark,3824099.0,2023-04-01,2023
202304,214,DOM,Dominican Rep.,357017.0,2023-04-01,2023
202304,218,ECU,Ecuador,46176.0,2023-04-01,2023
202304,222,SLV,El Salvador,10612.0,2023-04-01,2023
202304,231,ETH,Ethiopia,498522.0,2023-04-01,2023
202304,232,ERI,Eritrea,4050.0,2023-04-01,2023
202304,233,EST,Estonia,810727.0,2023-04-01,2023
202304,242,FJI,Fiji,3232.0,2023-04-01,2023
202304,246,FIN,Finland,16129223.0,2023-04-01,2023
202304,251,FRA,France,24358926.0,2023-04-01,2023
202304,258,PYF,French Polynesia,191428.0,2023-04-01,2023
202304,262,DJI,Djibouti,109071.0,2023-04-01,2023
202304,266,GAB,Gabon,1154.0,2023-04-01,2023
202304,275,PSE,State of Palestine,63261.0,2023-04-01,2023
202304,276,DEU,Germany,897046166.0,2023-04-01,2023
202304,288,GHA,Ghana,918448.0,2023-04-01,2023
202304,300,GRC,Greece,3501362.0,2023-04-01,2023
202304,320,GTM,Guatemala,166117.0,2023-04-01,2023
202304,324,GIN,Guinea,36419.0,2023-04-01,2023
202304,328,GUY,Guyana,150161.0,2023-04-01,2023
202304,332,HTI,Haiti,58328.0,2023-04-01,2023
202304,340,HND,Honduras,150301.0,2023-04-01,2023
202304,344,HKG,"China, Hong Kong SAR",109816158.0,2023-04-01,2023
202304,348,HUN,Hungary,14748872.0,2023-04-01,2023
202304,352,ISL,Iceland,96131.0,2023-04-01,2023
202304,360,IDN,Indonesia,31095152.0,2023-04-01,2023
202304,364,IRN,Iran,86681.0,2023-04-01,2023
202304,368,IRQ,Iraq,621788.0,2023-04-01,2023
202304,372,IRL,Ireland,2767571.0,2023-04-01,2023
202304,376,ISR,Israel,9744748.0,2023-04-01,2023
202304,380,ITA,Italy,77695484.0,2023-04-01,2023
202304,384,CIV,Côte d'Ivoire,2227882.0,2023-04-01,2023
202304,388,JAM,Jamaica,369903.0,2023-04-01,2023
202304,392,JPN,Japan,189843386.0,2023-04-01,2023
202304,398,KAZ,Kazakhstan,3904967.0,2023-04-01,2023
202304,400,JOR,Jordan,1608069.0,2023-04-01,2023
202304,404,KEN,Kenya,2548793.0,2023-04-01,2023
202304,410,KOR,Rep. of Korea,697262596.0,2023-04-01,2023
202304,414,KWT,Kuwait,230548.0,2023-04-01,2023
202304,417,KGZ,Kyrgyzstan,1282060.0,2023-04-01,2023
202304,422,LBN,Lebanon,6961211.0,2023-04-01,2023
202304,428,LVA,Latvia,112948.0,2023-04-01,2023
202304,430,LBR,Liberia,30011.0,2023-04-01,2023
202304,434,LBY,Libya,137093.0,2023-04-01,2023
202304,440,LTU,Lithuania,791700.0,2023-04-01,2023
202304,442,LUX,Luxembourg,84.0,2023-04-01,2023
202304,446,MAC,"China, Macao SAR",1448.0,2023-04-01,2023
202304,450,MDG,Madagascar,385829.0,2023-04-01,2023
202304,454,MWI,Malawi,230640.0,2023-04-01,2023
202304,458,MYS,Malaysia,15683084.0,2023-04-01,2023
202304,462,MDV,Maldives,8001.0,2023-04-01,2023
202304,466,MLI,Mali,159370.0,2023-04-01,2023
202304,470,MLT,Malta,39828.0,2023-04-01,2023
202304,478,MRT,Mauritania,3437.0,2023-04-01,2023
202304,480,MUS,Mauritius,165538.0,2023-04-01,2023
202304,484,MEX,Mexico,34438641.0,2023-04-01,2023
202304,490,S19,"Other Asia, nes",76831247.0,2023-04-01,2023
202304,496,MNG,Mongolia,26041.0,2023-04-01,2023
202304,498,MDA,Rep. of Moldova,27007.0,2023-04-01,2023
202304,499,MNE,Montenegro,18900.0,2023-04-01,2023
202304,504,MAR,Morocco,4038566.0,2023-04-01,2023
202304,508,MOZ,Mozambique,1056871.0,2023-04-01,2023
202304,512,OMN,Oman,532241.0,2023-04-01,2023
202304,516,NAM,Namibia,27030.0,2023-04-01,2023
202304,524,NPL,Nepal,397936.0,2023-04-01,2023
202304,527,O19,"Oceania, nes",17593.0,2023-04-01,2023
202304,528,NLD,Netherlands,290587467.0,2023-04-01,2023
202304,531,CUW,Curaçao,13480.0,2023-04-01,2023
202304,533,ABW,Aruba,2365.0,2023-04-01,2023
202304,540,NCL,New Caledonia,13246.0,2023-04-01,2023
202304,548,VUT,Vanuatu,14820.0,2023-04-01,2023
202304,554,NZL,New Zealand,1888196.0,2023-04-01,2023
202304,558,NIC,Nicaragua,315080.0,2023-04-01,2023
202304,566,NGA,Nigeria,7065516.0,2023-04-01,2023
202304,577,F19,"Other Africa, nes",340066.0,2023-04-01,2023
202304,579,NOR,Norway,5006751.0,2023-04-01,2023
202304,586,PAK,Pakistan,4343442.0,2023-04-01,2023
202304,591,PAN,Panama,932554.0,2023-04-01,2023
202304,598,PNG,Papua New Guinea,465844.0,2023-04-01,2023
202304,600,PRY,Paraguay,1128961.0,2023-04-01,2023
202304,604,PER,Peru,1599153.0,2023-04-01,2023
202304,608,PHL,Philippines,6275583.0,2023-04-01,2023
202304,616,POL,Poland,127504831.0,2023-04-01,2023
202304,620,PRT,Portugal,4731659.0,2023-04-01,2023
202304,624,GNB,Guinea-Bissau,66448.0,2023-04-01,2023
202304,626,TLS,Timor-Leste,606.0,2023-04-01,2023
202304,634,QAT,Qatar,241636.0,2023-04-01,2023
202304,636,A79,"Rest of America, nes",23200.0,2023-04-01,2023
202304,642,ROU,Romania,2190996.0,2023-04-01,2023
202304,643,RUS,Russian Federation,37456115.0,2023-04-01,2023
202304,646,RWA,Rwanda,976629.0,2023-04-01,2023
202304,659,KNA,Saint Kitts and Nevis,846.0,2023-04-01,2023
202304,662,LCA,Saint Lucia,13524.0,2023-04-01,2023
202304,682,SAU,Saudi Arabia,3897469.0,2023-04-01,2023
202304,686,SEN,Senegal,357338.0,2023-04-01,2023
202304,688,SRB,Serbia,19733.0,2023-04-01,2023
202304,699,IND,India,181778200.0,2023-04-01,2023
202304,702,SGP,Singapore,11179247.0,2023-04-01,2023
202304,703,SVK,Slovakia,95724387.0,2023-04-01,2023
202304,704,VNM,Viet Nam,246775798.0,2023-04-01,2023
202304,705,SVN,Slovenia,12129292.0,2023-04-01,2023
202304,706,SOM,Somalia,1019248.0,2023-04-01,2023
202304,710,ZAF,South Africa,255042828.0,2023-04-01,2023
202304,716,ZWE,Zimbabwe,1998787.0,2023-04-01,2023
202304,724,ESP,Spain,215423566.0,2023-04-01,2023
202304,729,SDN,Sudan,793709.0,2023-04-01,2023
202304,740,SUR,Suriname,301.0,2023-04-01,2023
202304,752,SWE,Sweden,7501366.0,2023-04-01,2023
202304,757,CHE,Switzerland,4205386.0,2023-04-01,2023
202304,760,SYR,Syria,6611.0,2023-04-01,2023
202304,762,TJK,Tajikistan,234389.0,2023-04-01,2023
202304,764,THA,Thailand,26691573.0,2023-04-01,2023
202304,768,TGO,Togo,318709.0,2023-04-01,2023
202304,780,TTO,Trinidad and Tobago,12728.0,2023-04-01,2023
202304,784,ARE,United Arab Emirates,11596881.0,2023-04-01,2023
202304,788,TUN,Tunisia,53753.0,2023-04-01,2023
202304,792,TUR,Türkiye,40887585.0,2023-04-01,2023
202304,800,UGA,Uganda,871698.0,2023-04-01,2023
202304,804,UKR,Ukraine,3741922.0,2023-04-01,2023
202304,807,MKD,North Macedonia,21297.0,2023-04-01,2023
202304,818,EGY,Egypt,1200193.0,2023-04-01,2023
202304,826,GBR,United Kingdom,76156160.0,2023-04-01,2023
202304,834,TZA,United Rep. of Tanzania,535388.0,2023-04-01,2023
202304,842,USA,USA,1062639424.0,2023-04-01,2023
202304,854,BFA,Burkina Faso,1561504.0,2023-04-01,2023
202304,858,URY,Uruguay,312881.0,2023-04-01,2023
202304,860,UZB,Uzbekistan,272680.0,2023-04-01,2023
202304,862,VEN,Venezuela,10426.0,2023-04-01,2023
202304,887,YEM,Yemen,162933.0,2023-04-01,2023
202304,894,ZMB,Zambia,376496.0,2023-04-01,2023
202304,899,_X ,"Areas, nes",723745.0,2023-04-01,2023
202305,8,ALB,Albania,23610.0,2023-05-01,2023
202305,12,DZA,Algeria,928895.0,2023-05-01,2023
202305,20,AND,Andorra,24415.0,2023-05-01,2023
202305,24,AGO,Angola,6298.0,2023-05-01,2023
202305,32,ARG,Argentina,14843164.0,2023-05-01,2023
202305,36,AUS,Australia,36099998.0,2023-05-01,2023
202305,40,AUT,Austria,31538897.0,2023-05-01,2023
202305,44,BHS,Bahamas,4891.0,2023-05-01,2023
202305,48,BHR,Bahrain,7298.0,2023-05-01,2023
202305,50,BGD,Bangladesh,3755359.0,2023-05-01,2023
202305,52,BRB,Barbados,155248.0,2023-05-01,2023
202305,56,BEL,Belgium,112279479.0,2023-05-01,2023
202305,64,BTN,Bhutan,348585.0,2023-05-01,2023
202305,68,BOL,Bolivia (Plurinational State of),128291.0,2023-05-01,2023
202305,70,BIH,Bosnia Herzegovina,5768.0,2023-05-01,2023
202305,72,BWA,Botswana,352907.0,2023-05-01,2023
202305,76,BRA,Brazil,29205510.0,2023-05-01,2023
202305,84,BLZ,Belize,10583.0,2023-05-01,2023
202305,96,BRN,Brunei Darussalam,40261.0,2023-05-01,2023
202305,100,BGR,Bulgaria,20324438.0,2023-05-01,2023
202305,104,MMR,Myanmar,9244359.0,2023-05-01,2023
202305,108,BDI,Burundi,119264.0,2023-05-01,2023
202305,112,BLR,Belarus,162356.0,2023-05-01,2023
202305,116,KHM,Cambodia,394099.0,2023-05-01,2023
202305,120,CMR,Cameroon,487505.0,2023-05-01,2023
202305,124,CAN,Canada,20918829.0,2023-05-01,2023
202305,140,CAF,Central African Rep.,25103.0,2023-05-01,2023
202305,144,LKA,Sri Lanka,244052.0,2023-05-01,2023
202305,148,TCD,Chad,445088.0,2023-05-01,2023
202305,152,CHL,Chile,61643278.0,2023-05-01,2023
202305,170,COL,Colombia,2609680.0,2023-05-01,2023
202305,178,COG,Congo,6559.0,2023-05-01,2023
202305,180,COD,Dem. Rep. of the Congo,979681.0,2023-05-01,2023
202305,188,CRI,Costa Rica,63820.0,2023-05-01,2023
202305,191,HRV,Croatia,287506.0,2023-05-01,2023
202305,192,CUB,Cuba,82013.0,2023-05-01,2023
202305,196,CYP,Cyprus,140365.0,2023-05-01,2023
202305,203,CZE,Czechia,45849962.0,2023-05-01,2023
202305,204,BEN,Benin,817349.0,2023-05-01,2023
202305,208,DNK,Denmark,5851946.0,2023-05-01,2023
202305,212,DMA,Dominica,5600.0,2023-05-01,2023
202305,214,DOM,Dominican Rep.,387880.0,2023-05-01,2023
202305,218,ECU,Ecuador,121231.0,2023-05-01,2023
202305,222,SLV,El Salvador,130034.0,2023-05-01,2023
202305,226,GNQ,Equatorial Guinea,2683.0,2023-05-01,2023
202305,231,ETH,Ethiopia,570455.0,2023-05-01,2023
202305,232,ERI,Eritrea,1876825.0,2023-05-01,2023
202305,233,EST,Estonia,610095.0,2023-05-01,2023
202305,246,FIN,Finland,51351128.0,2023-05-01,2023
202305,251,FRA,France,25443103.0,2023-05-01,2023
202305,258,PYF,French Polynesia,112942.0,2023-05-01,2023
202305,262,DJI,Djibouti,60841.0,2023-05-01,2023
202305,266,GAB,Gabon,97.0,2023-05-01,2023
202305,270,GMB,Gambia,149.0,2023-05-01,2023
202305,275,PSE,State of Palestine,105539.0,2023-05-01,2023
202305,276,DEU,Germany,794504029.0,2023-05-01,2023
202305,288,GHA,Ghana,92405.0,2023-05-01,2023
202305,296,KIR,Kiribati,331542.0,2023-05-01,2023
202305,300,GRC,Greece,6006848.0,2023-05-01,2023
202305,320,GTM,Guatemala,331226.0,2023-05-01,2023
202305,324,GIN,Guinea,2228866.0,2023-05-01,2023
202305,328,GUY,Guyana,8832.0,2023-05-01,2023
202305,332,HTI,Haiti,36362.0,2023-05-01,2023
202305,340,HND,Honduras,46189.0,2023-05-01,2023
202305,344,HKG,"China, Hong Kong SAR",111176274.0,2023-05-01,2023
202305,348,HUN,Hungary,27933803.0,2023-05-01,2023
202305,352,ISL,Iceland,58.0,2023-05-01,2023
202305,360,IDN,Indonesia,33190782.0,2023-05-01,2023
202305,364,IRN,Iran,137830.0,2023-05-01,2023
202305,368,IRQ,Iraq,683336.0,2023-05-01,2023
202305,372,IRL,Ireland,4774459.0,2023-05-01,2023
202305,376,ISR,Israel,17480866.0,2023-05-01,2023
202305,380,ITA,Italy,91293003.0,2023-05-01,2023
202305,384,CIV,Côte d'Ivoire,1286650.0,2023-05-01,2023
202305,388,JAM,Jamaica,53449.0,2023-05-01,2023
202305,392,JPN,Japan,160626159.0,2023-05-01,2023
202305,398,KAZ,Kazakhstan,1014895.0,2023-05-01,2023
202305,400,JOR,Jordan,1513040.0,2023-05-01,2023
202305,404,KEN,Kenya,2441907.0,2023-05-01,2023
202305,410,KOR,Rep. of Korea,756967806.0,2023-05-01,2023
202305,414,KWT,Kuwait,278993.0,2023-05-01,2023
202305,417,KGZ,Kyrgyzstan,11562.0,2023-05-01,2023
202305,418,LAO,Lao People's Dem. Rep.,821.0,2023-05-01,2023
202305,422,LBN,Lebanon,5289548.0,2023-05-01,2023
202305,428,LVA,Latvia,18191.0,2023-05-01,2023
202305,430,LBR,Liberia,18235.0,2023-05-01,2023
202305,434,LBY,Libya,1979635.0,2023-05-01,2023
202305,440,LTU,Lithuania,2702641.0,2023-05-01,2023
202305,442,LUX,Luxembourg,25611.0,2023-05-01,2023
202305,446,MAC,"China, Macao SAR",1044.0,2023-05-01,2023
202305,450,MDG,Madagascar,254919.0,2023-05-01,2023
202305,454,MWI,Malawi,1238859.0,2023-05-01,2023
202305,458,MYS,Malaysia,19763103.0,2023-05-01,2023
202305,462,MDV,Maldives,655041.0,2023-05-01,2023
202305,466,MLI,Mali,499788.0,2023-05-01,2023
202305,470,MLT,Malta,7603.0,2023-05-01,2023
202305,478,MRT,Mauritania,1360278.0,2023-05-01,2023
202305,480,MUS,Mauritius,52387.0,2023-05-01,2023
202305,484,MEX,Mexico,88615813.0,2023-05-01,2023
202305,490,S19,"Other Asia, nes",61139376.0,2023-05-01,2023
202305,496,MNG,Mongolia,98113.0,2023-05-01,2023
202305,498,MDA,Rep. of Moldova,10363.0,2023-05-01,2023
202305,504,MAR,Morocco,3235541.0,2023-05-01,2023
202305,508,MOZ,Mozambique,3932966.0,2023-05-01,2023
202305,512,OMN,Oman,106777.0,2023-05-01,2023
202305,516,NAM,Namibia,1412894.0,2023-05-01,2023
202305,524,NPL,Nepal,3165.0,2023-05-01,2023
202305,527,O19,"Oceania, nes",26760.0,2023-05-01,2023
202305,528,NLD,Netherlands,315027876.0,2023-05-01,2023
202305,531,CUW,Curaçao,1143.0,2023-05-01,2023
202305,533,ABW,Aruba,29580.0,2023-05-01,2023
202305,540,NCL,New Caledonia,23867.0,2023-05-01,2023
202305,548,VUT,Vanuatu,128448.0,2023-05-01,2023
202305,554,NZL,New Zealand,1674898.0,2023-05-01,2023
202305,558,NIC,Nicaragua,272327.0,2023-05-01,2023
202305,562,NER,Niger,155721.0,2023-05-01,2023
202305,566,NGA,Nigeria,16053637.0,2023-05-01,2023
202305,579,NOR,Norway,1669783.0,2023-05-01,2023
202305,583,FSM,FS Micronesia,353240.0,2023-05-01,2023
202305,585,PLW,Palau,7860.0,2023-05-01,2023
202305,586,PAK,Pakistan,7972355.0,2023-05-01,2023
202305,591,PAN,Panama,2063927.0,2023-05-01,2023
202305,598,PNG,Papua New Guinea,14599.0,2023-05-01,2023
202305,600,PRY,Paraguay,998906.0,2023-05-01,2023
202305,604,PER,Peru,1658369.0,2023-05-01,2023
202305,608,PHL,Philippines,7878344.0,2023-05-01,2023
202305,616,POL,Poland,161402194.0,2023-05-01,2023
202305,620,PRT,Portugal,2486538.0,2023-05-01,2023
202305,626,TLS,Timor-Leste,1514.0,2023-05-01,2023
202305,634,QAT,Qatar,123141.0,2023-05-01,2023
202305,636,A79,"Rest of America, nes",24104.0,2023-05-01,2023
202305,642,ROU,Romania,2051217.0,2023-05-01,2023
202305,643,RUS,Russian Federation,27937083.0,2023-05-01,2023
202305,646,RWA,Rwanda,78859.0,2023-05-01,2023
202305,659,KNA,Saint Kitts and Nevis,28979.0,2023-05-01,2023
202305,670,VCT,Saint Vincent and the Grenadines,11287.0,2023-05-01,2023
202305,678,STP,Sao Tome and Principe,767.0,2023-05-01,2023
202305,682,SAU,Saudi Arabia,7620295.0,2023-05-01,2023
202305,686,SEN,Senegal,1198999.0,2023-05-01,2023
202305,688,SRB,Serbia,241420.0,2023-05-01,2023
202305,690,SYC,Seychelles,221.0,2023-05-01,2023
202305,694,SLE,Sierra Leone,646066.0,2023-05-01,2023
202305,699,IND,India,174147620.0,2023-05-01,2023
202305,702,SGP,Singapore,8926311.0,2023-05-01,2023
202305,703,SVK,Slovakia,110918829.0,2023-05-01,2023
202305,704,VNM,Viet Nam,226494083.0,2023-05-01,2023
202305,705,SVN,Slovenia,15782699.0,2023-05-01,2023
202305,710,ZAF,South Africa,330295937.0,2023-05-01,2023
202305,716,ZWE,Zimbabwe,1855485.0,2023-05-01,2023
202305,724,ESP,Spain,173135796.0,2023-05-01,2023
202305,728,SSD,South Sudan,407875.0,2023-05-01,2023
202305,729,SDN,Sudan,1998.0,2023-05-01,2023
202305,748,SWZ,Eswatini,167979.0,2023-05-01,2023
202305,752,SWE,Sweden,13220459.0,2023-05-01,2023
202305,757,CHE,Switzerland,2954402.0,2023-05-01,2023
202305,760,SYR,Syria,8026.0,2023-05-01,2023
202305,762,TJK,Tajikistan,19355.0,2023-05-01,2023
202305,764,THA,Thailand,30866334.0,2023-05-01,2023
202305,768,TGO,Togo,1126489.0,2023-05-01,2023
202305,780,TTO,Trinidad and Tobago,7183.0,2023-05-01,2023
202305,784,ARE,United Arab Emirates,11934624.0,2023-05-01,2023
202305,788,TUN,Tunisia,24410.0,2023-05-01,2023
202305,792,TUR,Türkiye,45151548.0,2023-05-01,2023
202305,796,TCA,Turks and Caicos Isds,23470.0,2023-05-01,2023
202305,800,UGA,Uganda,70831.0,2023-05-01,2023
202305,804,UKR,Ukraine,1547669.0,2023-05-01,2023
202305,807,MKD,North Macedonia,107640.0,2023-05-01,2023
202305,818,EGY,Egypt,1833454.0,2023-05-01,2023
202305,826,GBR,United Kingdom,94801822.0,2023-05-01,2023
202305,834,TZA,United Rep. of Tanzania,787261.0,2023-05-01,2023
202305,842,USA,USA,1028100905.0,2023-05-01,2023
202305,854,BFA,Burkina Faso,347359.0,2023-05-01,2023
202305,858,URY,Uruguay,763636.0,2023-05-01,2023
202305,860,UZB,Uzbekistan,680016.0,2023-05-01,2023
202305,862,VEN,Venezuela,9981.0,2023-05-01,2023
202305,887,YEM,Yemen,792.0,2023-05-01,2023
202305,894,ZMB,Zambia,1629903.0,2023-05-01,2023
202305,899,_X ,"Areas, nes",72434.0,2023-05-01,2023
202306,4,AFG,Afghanistan,63.0,2023-06-01,2023
202306,8,ALB,Albania,45118.0,2023-06-01,2023
202306,12,DZA,Algeria,83297.0,2023-06-01,2023
202306,20,AND,Andorra,2240.0,2023-06-01,2023
202306,24,AGO,Angola,62403.0,2023-06-01,2023
202306,32,ARG,Argentina,13677127.0,2023-06-01,2023
202306,36,AUS,Australia,37064294.0,2023-06-01,2023
202306,40,AUT,Austria,48133354.0,2023-06-01,2023
202306,44,BHS,Bahamas,21275.0,2023-06-01,2023
202306,48,BHR,Bahrain,25900.0,2023-06-01,2023
202306,50,BGD,Bangladesh,3868553.0,2023-06-01,2023
202306,52,BRB,Barbados,8152.0,2023-06-01,2023
202306,56,BEL,Belgium,77306174.0,2023-06-01,2023
202306,64,BTN,Bhutan,158423.0,2023-06-01,2023
202306,68,BOL,Bolivia (Plurinational State of),62553.0,2023-06-01,2023
202306,70,BIH,Bosnia Herzegovina,4139.0,2023-06-01,2023
202306,76,BRA,Brazil,29851999.0,2023-06-01,2023
202306,84,BLZ,Belize,7407.0,2023-06-01,2023
202306,96,BRN,Brunei Darussalam,3275.0,2023-06-01,2023
202306,100,BGR,Bulgaria,14611052.0,2023-06-01,2023
202306,104,MMR,Myanmar,10797283.0,2023-06-01,2023
202306,108,BDI,Burundi,1698502.0,2023-06-01,2023
202306,112,BLR,Belarus,1885194.0,2023-06-01,2023
202306,116,KHM,Cambodia,1683431.0,2023-06-01,2023
202306,120,CMR,Cameroon,351818.0,2023-06-01,2023
202306,124,CAN,Canada,39847113.0,2023-06-01,2023
202306,132,CPV,Cabo Verde,786.0,2023-06-01,2023
202306,136,CYM,Cayman Isds,234.0,2023-06-01,2023
202306,144,LKA,Sri Lanka,872914.0,2023-06-01,2023
202306,148,TCD,Chad,144102.0,2023-06-01,2023
202306,152,CHL,Chile,79547063.0,2023-06-01,2023
202306,170,COL,Colombia,3543108.0,2023-06-01,2023
202306,180,COD,Dem. Rep. of the Congo,396790.0,2023-06-01,2023
202306,188,CRI,Costa Rica,136526.0,2023-06-01,2023
202306,191,HRV,Croatia,1872226.0,2023-06-01,2023
202306,192,CUB,Cuba,4066.0,2023-06-01,2023
202306,196,CYP,Cyprus,105059.0,2023-06-01,2023
202306,203,CZE,Czechia,53866895.0,2023-06-01,2023
202306,204,BEN,Benin,439857.0,2023-06-01,2023
202306,208,DNK,Denmark,4157576.0,2023-06-01,2023
202306,212,DMA,Dominica,67560.0,2023-06-01,2023
202306,214,DOM,Dominican Rep.,1285892.0,2023-06-01,2023
202306,218,ECU,Ecuador,191374.0,2023-06-01,2023
202306,222,SLV,El Salvador,360811.0,2023-06-01,2023
202306,231,ETH,Ethiopia,4787371.0,2023-06-01,2023
202306,232,ERI,Eritrea,62128.0,2023-06-01,2023
202306,233,EST,Estonia,640368.0,2023-06-01,2023
202306,242,FJI,Fiji,51108.0,2023-06-01,2023
202306,246,FIN,Finland,39028484.0,2023-06-01,2023
202306,251,FRA,France,37582947.0,2023-06-01,2023
202306,258,PYF,French Polynesia,81437.0,2023-06-01,2023
202306,262,DJI,Djibouti,327858.0,2023-06-01,2023
202306,270,GMB,Gambia,2559.0,2023-06-01,2023
202306,275,PSE,State of Palestine,33500.0,2023-06-01,2023
202306,276,DEU,Germany,719951777.0,2023-06-01,2023
202306,288,GHA,Ghana,429025.0,2023-06-01,2023
202306,300,GRC,Greece,2590556.0,2023-06-01,2023
202306,308,GRD,Grenada,171492.0,2023-06-01,2023
202306,320,GTM,Guatemala,398083.0,2023-06-01,2023
202306,324,GIN,Guinea,104400.0,2023-06-01,2023
202306,332,HTI,Haiti,524506.0,2023-06-01,2023
202306,340,HND,Honduras,157511.0,2023-06-01,2023
202306,344,HKG,"China, Hong Kong SAR",123362104.0,2023-06-01,2023
202306,348,HUN,Hungary,35313933.0,2023-06-01,2023
202306,352,ISL,Iceland,18859.0,2023-06-01,2023
202306,360,IDN,Indonesia,29452357.0,2023-06-01,2023
202306,364,IRN,Iran,3205193.0,2023-06-01,2023
202306,368,IRQ,Iraq,187163.0,2023-06-01,2023
202306,372,IRL,Ireland,4523479.0,2023-06-01,2023
202306,376,ISR,Israel,12734285.0,2023-06-01,2023
202306,380,ITA,Italy,80238978.0,2023-06-01,2023
202306,384,CIV,Côte d'Ivoire,321920.0,2023-06-01,2023
202306,388,JAM,Jamaica,3155260.0,2023-06-01,2023
202306,392,JPN,Japan,224150636.0,2023-06-01,2023
202306,398,KAZ,Kazakhstan,1631917.0,2023-06-01,2023
202306,400,JOR,Jordan,3619107.0,2023-06-01,2023
202306,404,KEN,Kenya,2686137.0,2023-06-01,2023
202306,410,KOR,Rep. of Korea,753893884.0,2023-06-01,2023
202306,414,KWT,Kuwait,133660.0,2023-06-01,2023
202306,417,KGZ,Kyrgyzstan,73435.0,2023-06-01,2023
202306,418,LAO,Lao People's Dem. Rep.,403.0,2023-06-01,2023
202306,422,LBN,Lebanon,6710094.0,2023-06-01,2023
202306,428,LVA,Latvia,94106.0,2023-06-01,2023
202306,430,LBR,Liberia,124424.0,2023-06-01,2023
202306,434,LBY,Libya,28437.0,2023-06-01,2023
202306,440,LTU,Lithuania,1189949.0,2023-06-01,2023
202306,442,LUX,Luxembourg,47829.0,2023-06-01,2023
202306,446,MAC,"China, Macao SAR",2595.0,2023-06-01,2023
202306,450,MDG,Madagascar,703584.0,2023-06-01,2023
202306,454,MWI,Malawi,461404.0,2023-06-01,2023
202306,458,MYS,Malaysia,19629318.0,2023-06-01,2023
202306,462,MDV,Maldives,111606.0,2023-06-01,2023
202306,466,MLI,Mali,25374.0,2023-06-01,2023
202306,470,MLT,Malta,83592.0,2023-06-01,2023
202306,478,MRT,Mauritania,896391.0,2023-06-01,2023
202306,480,MUS,Mauritius,2756837.0,2023-06-01,2023
202306,484,MEX,Mexico,95998092.0,2023-06-01,2023
202306,490,S19,"Other Asia, nes",77246619.0,2023-06-01,2023
202306,496,MNG,Mongolia,6535141.0,2023-06-01,2023
202306,498,MDA,Rep. of Moldova,594460.0,2023-06-01,2023
202306,499,MNE,Montenegro,3567.0,2023-06-01,2023
202306,504,MAR,Morocco,4300839.0,2023-06-01,2023
202306,508,MOZ,Mozambique,708804.0,2023-06-01,2023
202306,512,OMN,Oman,1030768.0,2023-06-01,2023
202306,516,NAM,Namibia,258931.0,2023-06-01,2023
202306,524,NPL,Nepal,139588.0,2023-06-01,2023
202306,527,O19,"Oceania, nes",6970.0,2023-06-01,2023
202306,528,NLD,Netherlands,298103014.0,2023-06-01,2023
202306,531,CUW,Curaçao,15138.0,2023-06-01,2023
202306,540,NCL,New Caledonia,211196.0,2023-06-01,2023
202306,554,NZL,New Zealand,3897819.0,2023-06-01,2023
202306,558,NIC,Nicaragua,164499.0,2023-06-01,2023
202306,562,NER,Niger,154000.0,2023-06-01,2023
202306,566,NGA,Nigeria,12608832.0,2023-06-01,2023
202306,579,NOR,Norway,4692050.0,2023-06-01,2023
202306,584,MHL,Marshall Isds,520.0,2023-06-01,2023
202306,586,PAK,Pakistan,6569990.0,2023-06-01,2023
202306,591,PAN,Panama,3103058.0,2023-06-01,2023
202306,598,PNG,Papua New Guinea,30414.0,2023-06-01,2023
202306,600,PRY,Paraguay,138634.0,2023-06-01,2023
202306,604,PER,Peru,5327955.0,2023-06-01,2023
202306,608,PHL,Philippines,11516760.0,2023-06-01,2023
202306,616,POL,Poland,115220120.0,2023-06-01,2023
202306,620,PRT,Portugal,4557729.0,2023-06-01,2023
202306,626,TLS,Timor-Leste,142755.0,2023-06-01,2023
202306,634,QAT,Qatar,344850.0,2023-06-01,2023
202306,636,A79,"Rest of America, nes",293050.0,2023-06-01,2023
202306,642,ROU,Romania,1239313.0,2023-06-01,2023
202306,643,RUS,Russian Federation,27171569.0,2023-06-01,2023
202306,646,RWA,Rwanda,224961.0,2023-06-01,2023
202306,659,KNA,Saint Kitts and Nevis,7176.0,2023-06-01,2023
202306,662,LCA,Saint Lucia,18353.0,2023-06-01,2023
202306,682,SAU,Saudi Arabia,4302260.0,2023-06-01,2023
202306,686,SEN,Senegal,1029342.0,2023-06-01,2023
202306,688,SRB,Serbia,130033.0,2023-06-01,2023
202306,690,SYC,Seychelles,4372.0,2023-06-01,2023
202306,694,SLE,Sierra Leone,44710.0,2023-06-01,2023
202306,699,IND,India,199772586.0,2023-06-01,2023
202306,702,SGP,Singapore,9607066.0,2023-06-01,2023
202306,703,SVK,Slovakia,67357332.0,2023-06-01,2023
202306,704,VNM,Viet Nam,233549405.0,2023-06-01,2023
202306,705,SVN,Slovenia,17007467.0,2023-06-01,2023
202306,706,SOM,Somalia,139976.0,2023-06-01,2023
202306,710,ZAF,South Africa,265199917.0,2023-06-01,2023
202306,716,ZWE,Zimbabwe,2918732.0,2023-06-01,2023
202306,724,ESP,Spain,118846177.0,2023-06-01,2023
202306,728,SSD,South Sudan,65376.0,2023-06-01,2023
202306,740,SUR,Suriname,125270.0,2023-06-01,2023
202306,748,SWZ,Eswatini,1935.0,2023-06-01,2023
202306,752,SWE,Sweden,11890313.0,2023-06-01,2023
202306,757,CHE,Switzerland,2892960.0,2023-06-01,2023
202306,760,SYR,Syria,148921.0,2023-06-01,2023
202306,762,TJK,Tajikistan,40653.0,2023-06-01,2023
202306,764,THA,Thailand,25594828.0,2023-06-01,2023
202306,768,TGO,Togo,1862173.0,2023-06-01,2023
202306,780,TTO,Trinidad and Tobago,8632.0,2023-06-01,2023
202306,784,ARE,United Arab Emirates,12659408.0,2023-06-01,2023
202306,788,TUN,Tunisia,73625.0,2023-06-01,2023
202306,792,TUR,Türkiye,53095603.0,2023-06-01,2023
202306,796,TCA,Turks and Caicos Isds,6132.0,2023-06-01,2023
202306,800,UGA,Uganda,90364.0,2023-06-01,2023
202306,804,UKR,Ukraine,998568.0,2023-06-01,2023
202306,807,MKD,North Macedonia,574.0,2023-06-01,2023
202306,818,EGY,Egypt,1067432.0,2023-06-01,2023
202306,826,GBR,United Kingdom,112814259.0,2023-06-01,2023
202306,834,TZA,United Rep. of Tanzania,1159679.0,2023-06-01,2023
202306,842,USA,USA,847850410.0,2023-06-01,2023
202306,854,BFA,Burkina Faso,220773.0,2023-06-01,2023
202306,858,URY,Uruguay,725138.0,2023-06-01,2023
202306,860,UZB,Uzbekistan,1640849.0,2023-06-01,2023
202306,862,VEN,Venezuela,93481.0,2023-06-01,2023
202306,887,YEM,Yemen,68284.0,2023-06-01,2023
202306,894,ZMB,Zambia,187170.0,2023-06-01,2023
202306,899,_X ,"Areas, nes",618006.0,2023-06-01,2023
202307,4,AFG,Afghanistan,654396.0,2023-07-01,2023
202307,8,ALB,Albania,11155.0,2023-07-01,2023
202307,12,DZA,Algeria,284224.0,2023-07-01,2023
202307,24,AGO,Angola,124.0,2023-07-01,2023
202307,28,ATG,Antigua and Barbuda,142995.0,2023-07-01,2023
202307,32,ARG,Argentina,6869128.0,2023-07-01,2023
202307,36,AUS,Australia,31966253.0,2023-07-01,2023
202307,40,AUT,Austria,54138990.0,2023-07-01,2023
202307,44,BHS,Bahamas,11591.0,2023-07-01,2023
202307,48,BHR,Bahrain,10375.0,2023-07-01,2023
202307,50,BGD,Bangladesh,4460660.0,2023-07-01,2023
202307,52,BRB,Barbados,127874.0,2023-07-01,2023
202307,56,BEL,Belgium,125898979.0,2023-07-01,2023
202307,68,BOL,Bolivia (Plurinational State of),21804.0,2023-07-01,2023
202307,70,BIH,Bosnia Herzegovina,59178.0,2023-07-01,2023
202307,72,BWA,Botswana,442492.0,2023-07-01,2023
202307,76,BRA,Brazil,37609774.0,2023-07-01,2023
202307,84,BLZ,Belize,76229.0,2023-07-01,2023
202307,90,SLB,Solomon Isds,222967.0,2023-07-01,2023
202307,96,BRN,Brunei Darussalam,29788.0,2023-07-01,2023
202307,100,BGR,Bulgaria,244797.0,2023-07-01,2023
202307,104,MMR,Myanmar,5192052.0,2023-07-01,2023
202307,108,BDI,Burundi,777.0,2023-07-01,2023
202307,112,BLR,Belarus,846331.0,2023-07-01,2023
202307,116,KHM,Cambodia,537200.0,2023-07-01,2023
202307,120,CMR,Cameroon,1168424.0,2023-07-01,2023
202307,124,CAN,Canada,20587644.0,2023-07-01,2023
202307,132,CPV,Cabo Verde,7463.0,2023-07-01,2023
202307,136,CYM,Cayman Isds,6105.0,2023-07-01,2023
202307,144,LKA,Sri Lanka,835918.0,2023-07-01,2023
202307,148,TCD,Chad,192987.0,2023-07-01,2023
202307,152,CHL,Chile,74445221.0,2023-07-01,2023
202307,170,COL,Colombia,2793618.0,2023-07-01,2023
202307,174,COM,Comoros,314.0,2023-07-01,2023
202307,178,COG,Congo,5719.0,2023-07-01,2023
202307,180,COD,Dem. Rep. of the Congo,1520851.0,2023-07-01,2023
202307,188,CRI,Costa Rica,697828.0,2023-07-01,2023
202307,191,HRV,Croatia,454310.0,2023-07-01,2023
202307,192,CUB,Cuba,259284.0,2023-07-01,2023
202307,196,CYP,Cyprus,150778.0,2023-07-01,2023
202307,203,CZE,Czechia,47050735.0,2023-07-01,2023
202307,204,BEN,Benin,2510591.0,2023-07-01,2023
202307,208,DNK,Denmark,3956917.0,2023-07-01,2023
202307,212,DMA,Dominica,4822.0,2023-07-01,2023
202307,214,DOM,Dominican Rep.,697461.0,2023-07-01,2023
202307,218,ECU,Ecuador,660200.0,2023-07-01,2023
202307,222,SLV,El Salvador,249736.0,2023-07-01,2023
202307,226,GNQ,Equatorial Guinea,382.0,2023-07-01,2023
202307,231,ETH,Ethiopia,2220776.0,2023-07-01,2023
202307,232,ERI,Eritrea,10800.0,2023-07-01,2023
202307,233,EST,Estonia,603469.0,2023-07-01,2023
202307,242,FJI,Fiji,18257.0,2023-07-01,2023
202307,246,FIN,Finland,11055872.0,2023-07-01,2023
202307,251,FRA,France,24344964.0,2023-07-01,2023
202307,258,PYF,French Polynesia,66303.0,2023-07-01,2023
202307,262,DJI,Djibouti,108331.0,2023-07-01,2023
202307,270,GMB,Gambia,115078.0,2023-07-01,2023
202307,276,DEU,Germany,644208213.0,2023-07-01,2023
202307,288,GHA,Ghana,456976.0,2023-07-01,2023
202307,300,GRC,Greece,1129340.0,2023-07-01,2023
202307,320,GTM,Guatemala,834832.0,2023-07-01,2023
202307,324,GIN,Guinea,830741.0,2023-07-01,2023
202307,328,GUY,Guyana,587154.0,2023-07-01,2023
202307,332,HTI,Haiti,106560.0,2023-07-01,2023
202307,340,HND,Honduras,219158.0,2023-07-01,2023
202307,344,HKG,"China, Hong Kong SAR",112333373.0,2023-07-01,2023
202307,348,HUN,Hungary,44543646.0,2023-07-01,2023
202307,352,ISL,Iceland,32562.0,2023-07-01,2023
202307,360,IDN,Indonesia,32385976.0,2023-07-01,2023
202307,364,IRN,Iran,642507.0,2023-07-01,2023
202307,368,IRQ,Iraq,455778.0,2023-07-01,2023
202307,372,IRL,Ireland,2878081.0,2023-07-01,2023
202307,376,ISR,Israel,36613761.0,2023-07-01,2023
202307,380,ITA,Italy,59587332.0,2023-07-01,2023
202307,384,CIV,Côte d'Ivoire,413468.0,2023-07-01,2023
202307,388,JAM,Jamaica,440693.0,2023-07-01,2023
202307,392,JPN,Japan,192759471.0,2023-07-01,2023
202307,398,KAZ,Kazakhstan,614493.0,2023-07-01,2023
202307,400,JOR,Jordan,1420841.0,2023-07-01,2023
202307,404,KEN,Kenya,2572974.0,2023-07-01,2023
202307,410,KOR,Rep. of Korea,627757333.0,2023-07-01,2023
202307,414,KWT,Kuwait,451385.0,2023-07-01,2023
202307,417,KGZ,Kyrgyzstan,224166.0,2023-07-01,2023
202307,418,LAO,Lao People's Dem. Rep.,473041.0,2023-07-01,2023
202307,422,LBN,Lebanon,6306134.0,2023-07-01,2023
202307,428,LVA,Latvia,99687.0,2023-07-01,2023
202307,430,LBR,Liberia,225296.0,2023-07-01,2023
202307,434,LBY,Libya,2277129.0,2023-07-01,2023
202307,440,LTU,Lithuania,1443571.0,2023-07-01,2023
202307,442,LUX,Luxembourg,54168.0,2023-07-01,2023
202307,446,MAC,"China, Macao SAR",6032.0,2023-07-01,2023
202307,450,MDG,Madagascar,723016.0,2023-07-01,2023
202307,454,MWI,Malawi,142389.0,2023-07-01,2023
202307,458,MYS,Malaysia,31090590.0,2023-07-01,2023
202307,462,MDV,Maldives,7327.0,2023-07-01,2023
202307,466,MLI,Mali,885664.0,2023-07-01,2023
202307,470,MLT,Malta,9194.0,2023-07-01,2023
202307,478,MRT,Mauritania,40226.0,2023-07-01,2023
202307,480,MUS,Mauritius,26756.0,2023-07-01,2023
202307,484,MEX,Mexico,81270349.0,2023-07-01,2023
202307,490,S19,"Other Asia, nes",55263119.0,2023-07-01,2023
202307,496,MNG,Mongolia,6840419.0,2023-07-01,2023
202307,498,MDA,Rep. of Moldova,11480.0,2023-07-01,2023
202307,504,MAR,Morocco,4151641.0,2023-07-01,2023
202307,508,MOZ,Mozambique,979414.0,2023-07-01,2023
202307,512,OMN,Oman,414248.0,2023-07-01,2023
202307,516,NAM,Namibia,289401.0,2023-07-01,2023
202307,524,NPL,Nepal,20738.0,2023-07-01,2023
202307,528,NLD,Netherlands,228413957.0,2023-07-01,2023
202307,531,CUW,Curaçao,176510.0,2023-07-01,2023
202307,533,ABW,Aruba,18636.0,2023-07-01,2023
202307,540,NCL,New Caledonia,87051.0,2023-07-01,2023
202307,548,VUT,Vanuatu,79934.0,2023-07-01,2023
202307,554,NZL,New Zealand,3835230.0,2023-07-01,2023
202307,558,NIC,Nicaragua,860493.0,2023-07-01,2023
202307,562,NER,Niger,166540.0,2023-07-01,2023
202307,566,NGA,Nigeria,13342607.0,2023-07-01,2023
202307,579,NOR,Norway,4138970.0,2023-07-01,2023
202307,583,FSM,FS Micronesia,93566.0,2023-07-01,2023
202307,584,MHL,Marshall Isds,1006.0,2023-07-01,2023
202307,585,PLW,Palau,5180.0,2023-07-01,2023
202307,586,PAK,Pakistan,7448038.0,2023-07-01,2023
202307,591,PAN,Panama,2410694.0,2023-07-01,2023
202307,598,PNG,Papua New Guinea,121817.0,2023-07-01,2023
202307,600,PRY,Paraguay,361478.0,2023-07-01,2023
202307,604,PER,Peru,11330347.0,2023-07-01,2023
202307,608,PHL,Philippines,7486898.0,2023-07-01,2023
202307,616,POL,Poland,123506726.0,2023-07-01,2023
202307,620,PRT,Portugal,6727142.0,2023-07-01,2023
202307,626,TLS,Timor-Leste,3034.0,2023-07-01,2023
202307,634,QAT,Qatar,591422.0,2023-07-01,2023
202307,636,A79,"Rest of America, nes",69760.0,2023-07-01,2023
202307,642,ROU,Romania,2994045.0,2023-07-01,2023
202307,643,RUS,Russian Federation,16150281.0,2023-07-01,2023
202307,662,LCA,Saint Lucia,2369.0,2023-07-01,2023
202307,682,SAU,Saudi Arabia,40133443.0,2023-07-01,2023
202307,686,SEN,Senegal,126651.0,2023-07-01,2023
202307,688,SRB,Serbia,223346.0,2023-07-01,2023
202307,694,SLE,Sierra Leone,155166.0,2023-07-01,2023
202307,699,IND,India,183836927.0,2023-07-01,2023
202307,702,SGP,Singapore,9068721.0,2023-07-01,2023
202307,703,SVK,Slovakia,121607211.0,2023-07-01,2023
202307,704,VNM,Viet Nam,260611034.0,2023-07-01,2023
202307,705,SVN,Slovenia,15197204.0,2023-07-01,2023
202307,706,SOM,Somalia,871480.0,2023-07-01,2023
202307,710,ZAF,South Africa,122496274.0,2023-07-01,2023
202307,716,ZWE,Zimbabwe,12940941.0,2023-07-01,2023
202307,724,ESP,Spain,111479931.0,2023-07-01,2023
202307,740,SUR,Suriname,893.0,2023-07-01,2023
202307,752,SWE,Sweden,8043616.0,2023-07-01,2023
202307,757,CHE,Switzerland,4169946.0,2023-07-01,2023
202307,760,SYR,Syria,438927.0,2023-07-01,2023
202307,762,TJK,Tajikistan,329469.0,2023-07-01,2023
202307,764,THA,Thailand,26932329.0,2023-07-01,2023
202307,768,TGO,Togo,520992.0,2023-07-01,2023
202307,780,TTO,Trinidad and Tobago,23682.0,2023-07-01,2023
202307,784,ARE,United Arab Emirates,18881365.0,2023-07-01,2023
202307,788,TUN,Tunisia,111850.0,2023-07-01,2023
202307,792,TUR,Türkiye,46157102.0,2023-07-01,2023
202307,795,TKM,Turkmenistan,316696.0,2023-07-01,2023
202307,796,TCA,Turks and Caicos Isds,676.0,2023-07-01,2023
202307,800,UGA,Uganda,568280.0,2023-07-01,2023
202307,804,UKR,Ukraine,5623181.0,2023-07-01,2023
202307,818,EGY,Egypt,1390712.0,2023-07-01,2023
202307,826,GBR,United Kingdom,168411374.0,2023-07-01,2023
202307,834,TZA,United Rep. of Tanzania,1767296.0,2023-07-01,2023
202307,842,USA,USA,984250213.0,2023-07-01,2023
202307,854,BFA,Burkina Faso,496407.0,2023-07-01,2023
202307,858,URY,Uruguay,673395.0,2023-07-01,2023
202307,860,UZB,Uzbekistan,1496998.0,2023-07-01,2023
202307,862,VEN,Venezuela,162198.0,2023-07-01,2023
202307,887,YEM,Yemen,178552.0,2023-07-01,2023
202307,894,ZMB,Zambia,361078.0,2023-07-01,2023
202307,899,_X ,"Areas, nes",894523.0,2023-07-01,2023
202308,4,AFG,Afghanistan,64685.0,2023-08-01,2023
202308,8,ALB,Albania,70290.0,2023-08-01,2023
202308,12,DZA,Algeria,2843200.0,2023-08-01,2023
202308,24,AGO,Angola,203417.0,2023-08-01,2023
202308,28,ATG,Antigua and Barbuda,25896.0,2023-08-01,2023
202308,32,ARG,Argentina,4082090.0,2023-08-01,2023
202308,36,AUS,Australia,38755668.0,2023-08-01,2023
202308,40,AUT,Austria,50163626.0,2023-08-01,2023
202308,44,BHS,Bahamas,86204.0,2023-08-01,2023
202308,48,BHR,Bahrain,4668.0,2023-08-01,2023
202308,50,BGD,Bangladesh,5927387.0,2023-08-01,2023
202308,52,BRB,Barbados,49279.0,2023-08-01,2023
202308,56,BEL,Belgium,154813828.0,2023-08-01,2023
202308,68,BOL,Bolivia (Plurinational State of),140234.0,2023-08-01,2023
202308,70,BIH,Bosnia Herzegovina,176976.0,2023-08-01,2023
202308,72,BWA,Botswana,47646.0,2023-08-01,2023
202308,76,BRA,Brazil,36941293.0,2023-08-01,2023
202308,84,BLZ,Belize,26536.0,2023-08-01,2023
202308,90,SLB,Solomon Isds,1017993.0,2023-08-01,2023
202308,100,BGR,Bulgaria,1953538.0,2023-08-01,2023
202308,104,MMR,Myanmar,4310670.0,2023-08-01,2023
202308,108,BDI,Burundi,592176.0,2023-08-01,2023
202308,112,BLR,Belarus,2172916.0,2023-08-01,2023
202308,116,KHM,Cambodia,1105374.0,2023-08-01,2023
202308,120,CMR,Cameroon,272742.0,2023-08-01,2023
202308,124,CAN,Canada,71817714.0,2023-08-01,2023
202308,144,LKA,Sri Lanka,944432.0,2023-08-01,2023
202308,148,TCD,Chad,485963.0,2023-08-01,2023
202308,152,CHL,Chile,2068359.0,2023-08-01,2023
202308,170,COL,Colombia,3980211.0,2023-08-01,2023
202308,178,COG,Congo,3865.0,2023-08-01,2023
202308,180,COD,Dem. Rep. of the Congo,1286476.0,2023-08-01,2023
202308,188,CRI,Costa Rica,502242.0,2023-08-01,2023
202308,191,HRV,Croatia,1614499.0,2023-08-01,2023
202308,192,CUB,Cuba,313608.0,2023-08-01,2023
202308,196,CYP,Cyprus,87820.0,2023-08-01,2023
202308,203,CZE,Czechia,35228528.0,2023-08-01,2023
202308,204,BEN,Benin,332023.0,2023-08-01,2023
202308,208,DNK,Denmark,1718814.0,2023-08-01,2023
202308,212,DMA,Dominica,7034.0,2023-08-01,2023
202308,214,DOM,Dominican Rep.,684472.0,2023-08-01,2023
202308,218,ECU,Ecuador,166634.0,2023-08-01,2023
202308,222,SLV,El Salvador,21196.0,2023-08-01,2023
202308,226,GNQ,Equatorial Guinea,32453.0,2023-08-01,2023
202308,231,ETH,Ethiopia,7015033.0,2023-08-01,2023
202308,233,EST,Estonia,1036526.0,2023-08-01,2023
202308,242,FJI,Fiji,1970.0,2023-08-01,2023
202308,246,FIN,Finland,65983439.0,2023-08-01,2023
202308,251,FRA,France,17625906.0,2023-08-01,2023
202308,258,PYF,French Polynesia,128374.0,2023-08-01,2023
202308,262,DJI,Djibouti,2048449.0,2023-08-01,2023
202308,266,GAB,Gabon,235294.0,2023-08-01,2023
202308,270,GMB,Gambia,328159.0,2023-08-01,2023
202308,275,PSE,State of Palestine,23320.0,2023-08-01,2023
202308,276,DEU,Germany,729251347.0,2023-08-01,2023
202308,288,GHA,Ghana,394106.0,2023-08-01,2023
202308,296,KIR,Kiribati,34325.0,2023-08-01,2023
202308,300,GRC,Greece,1820359.0,2023-08-01,2023
202308,308,GRD,Grenada,3370.0,2023-08-01,2023
202308,320,GTM,Guatemala,426905.0,2023-08-01,2023
202308,324,GIN,Guinea,44505.0,2023-08-01,2023
202308,328,GUY,Guyana,14985.0,2023-08-01,2023
202308,332,HTI,Haiti,141066.0,2023-08-01,2023
202308,340,HND,Honduras,1555182.0,2023-08-01,2023
202308,344,HKG,"China, Hong Kong SAR",117492677.0,2023-08-01,2023
202308,348,HUN,Hungary,40680587.0,2023-08-01,2023
202308,352,ISL,Iceland,67236.0,2023-08-01,2023
202308,360,IDN,Indonesia,32912458.0,2023-08-01,2023
202308,364,IRN,Iran,233585.0,2023-08-01,2023
202308,368,IRQ,Iraq,3443085.0,2023-08-01,2023
202308,372,IRL,Ireland,1903145.0,2023-08-01,2023
202308,376,ISR,Israel,42075144.0,2023-08-01,2023
202308,380,ITA,Italy,228969489.0,2023-08-01,2023
202308,384,CIV,Côte d'Ivoire,54517.0,2023-08-01,2023
202308,388,JAM,Jamaica,1710460.0,2023-08-01,2023
202308,392,JPN,Japan,162986291.0,2023-08-01,2023
202308,398,KAZ,Kazakhstan,1039227.0,2023-08-01,2023
202308,400,JOR,Jordan,3678042.0,2023-08-01,2023
202308,404,KEN,Kenya,4225394.0,2023-08-01,2023
202308,410,KOR,Rep. of Korea,631404527.0,2023-08-01,2023
202308,414,KWT,Kuwait,477530.0,2023-08-01,2023
202308,417,KGZ,Kyrgyzstan,717044.0,2023-08-01,2023
202308,418,LAO,Lao People's Dem. Rep.,1042.0,2023-08-01,2023
202308,422,LBN,Lebanon,5971151.0,2023-08-01,2023
202308,428,LVA,Latvia,340436.0,2023-08-01,2023
202308,430,LBR,Liberia,7454.0,2023-08-01,2023
202308,434,LBY,Libya,477671.0,2023-08-01,2023
202308,440,LTU,Lithuania,1625294.0,2023-08-01,2023
202308,442,LUX,Luxembourg,225845.0,2023-08-01,2023
202308,446,MAC,"China, Macao SAR",11923.0,2023-08-01,2023
202308,450,MDG,Madagascar,595412.0,2023-08-01,2023
202308,454,MWI,Malawi,189110.0,2023-08-01,2023
202308,458,MYS,Malaysia,26683492.0,2023-08-01,2023
202308,462,MDV,Maldives,366497.0,2023-08-01,2023
202308,466,MLI,Mali,482099.0,2023-08-01,2023
202308,470,MLT,Malta,23935.0,2023-08-01,2023
202308,478,MRT,Mauritania,4047513.0,2023-08-01,2023
202308,480,MUS,Mauritius,57646.0,2023-08-01,2023
202308,484,MEX,Mexico,85823269.0,2023-08-01,2023
202308,490,S19,"Other Asia, nes",34408592.0,2023-08-01,2023
202308,496,MNG,Mongolia,30555187.0,2023-08-01,2023
202308,498,MDA,Rep. of Moldova,25734.0,2023-08-01,2023
202308,504,MAR,Morocco,3711942.0,2023-08-01,2023
202308,508,MOZ,Mozambique,1502928.0,2023-08-01,2023
202308,512,OMN,Oman,531468.0,2023-08-01,2023
202308,516,NAM,Namibia,321610.0,2023-08-01,2023
202308,524,NPL,Nepal,12358.0,2023-08-01,2023
202308,527,O19,"Oceania, nes",8979.0,2023-08-01,2023
202308,528,NLD,Netherlands,331975270.0,2023-08-01,2023
202308,531,CUW,Curaçao,70179.0,2023-08-01,2023
202308,533,ABW,Aruba,119040.0,2023-08-01,2023
202308,540,NCL,New Caledonia,13667.0,2023-08-01,2023
202308,548,VUT,Vanuatu,98388.0,2023-08-01,2023
202308,554,NZL,New Zealand,3422260.0,2023-08-01,2023
202308,558,NIC,Nicaragua,254497.0,2023-08-01,2023
202308,566,NGA,Nigeria,18331099.0,2023-08-01,2023
202308,579,NOR,Norway,4169984.0,2023-08-01,2023
202308,586,PAK,Pakistan,11311133.0,2023-08-01,2023
202308,591,PAN,Panama,6586191.0,2023-08-01,2023
202308,598,PNG,Papua New Guinea,1724196.0,2023-08-01,2023
202308,600,PRY,Paraguay,296473.0,2023-08-01,2023
202308,604,PER,Peru,5551372.0,2023-08-01,2023
202308,608,PHL,Philippines,14220787.0,2023-08-01,2023
202308,616,POL,Poland,80707251.0,2023-08-01,2023
202308,620,PRT,Portugal,7482140.0,2023-08-01,2023
202308,624,GNB,Guinea-Bissau,2520.0,2023-08-01,2023
202308,626,TLS,Timor-Leste,20522.0,2023-08-01,2023
202308,634,QAT,Qatar,27431.0,2023-08-01,2023
202308,636,A79,"Rest of America, nes",7924.0,2023-08-01,2023
202308,642,ROU,Romania,932729.0,2023-08-01,2023
202308,643,RUS,Russian Federation,18147885.0,2023-08-01,2023
202308,646,RWA,Rwanda,30496.0,2023-08-01,2023
202308,659,KNA,Saint Kitts and Nevis,4773.0,2023-08-01,2023
202308,662,LCA,Saint Lucia,23370.0,2023-08-01,2023
202308,682,SAU,Saudi Arabia,73396730.0,2023-08-01,2023
202308,686,SEN,Senegal,387100.0,2023-08-01,2023
202308,688,SRB,Serbia,197440.0,2023-08-01,2023
202308,690,SYC,Seychelles,4245.0,2023-08-01,2023
202308,699,IND,India,194435257.0,2023-08-01,2023
202308,702,SGP,Singapore,9326553.0,2023-08-01,2023
202308,703,SVK,Slovakia,154773318.0,2023-08-01,2023
202308,704,VNM,Viet Nam,318792554.0,2023-08-01,2023
202308,705,SVN,Slovenia,19871028.0,2023-08-01,2023
202308,706,SOM,Somalia,1570.0,2023-08-01,2023
202308,710,ZAF,South Africa,77805294.0,2023-08-01,2023
202308,716,ZWE,Zimbabwe,6492743.0,2023-08-01,2023
202308,724,ESP,Spain,158522845.0,2023-08-01,2023
202308,728,SSD,South Sudan,112832.0,2023-08-01,2023
202308,729,SDN,Sudan,1286158.0,2023-08-01,2023
202308,740,SUR,Suriname,80093.0,2023-08-01,2023
202308,748,SWZ,Eswatini,101592.0,2023-08-01,2023
202308,752,SWE,Sweden,12877941.0,2023-08-01,2023
202308,757,CHE,Switzerland,7353246.0,2023-08-01,2023
202308,760,SYR,Syria,409867.0,2023-08-01,2023
202308,762,TJK,Tajikistan,350900.0,2023-08-01,2023
202308,764,THA,Thailand,19997165.0,2023-08-01,2023
202308,768,TGO,Togo,391444.0,2023-08-01,2023
202308,780,TTO,Trinidad and Tobago,86968.0,2023-08-01,2023
202308,784,ARE,United Arab Emirates,16142710.0,2023-08-01,2023
202308,788,TUN,Tunisia,44023.0,2023-08-01,2023
202308,792,TUR,Türkiye,90976449.0,2023-08-01,2023
202308,795,TKM,Turkmenistan,588133.0,2023-08-01,2023
202308,800,UGA,Uganda,365256.0,2023-08-01,2023
202308,804,UKR,Ukraine,4995500.0,2023-08-01,2023
202308,807,MKD,North Macedonia,253923.0,2023-08-01,2023
202308,818,EGY,Egypt,2936767.0,2023-08-01,2023
202308,826,GBR,United Kingdom,235936343.0,2023-08-01,2023
202308,834,TZA,United Rep. of Tanzania,1834244.0,2023-08-01,2023
202308,842,USA,USA,1033296189.0,2023-08-01,2023
202308,854,BFA,Burkina Faso,437868.0,2023-08-01,2023
202308,858,URY,Uruguay,778279.0,2023-08-01,2023
202308,860,UZB,Uzbekistan,307041.0,2023-08-01,2023
202308,862,VEN,Venezuela,378236.0,2023-08-01,2023
202308,887,YEM,Yemen,1830.0,2023-08-01,2023
202308,894,ZMB,Zambia,344168.0,2023-08-01,2023
202308,899,_X ,"Areas, nes",154259.0,2023-08-01,2023
202309,4,AFG,Afghanistan,621016.0,2023-09-01,2023
202309,8,ALB,Albania,1644.0,2023-09-01,2023
202309,12,DZA,Algeria,1956958.0,2023-09-01,2023
202309,20,AND,Andorra,40096.0,2023-09-01,2023
202309,24,AGO,Angola,10448.0,2023-09-01,2023
202309,32,ARG,Argentina,2526928.0,2023-09-01,2023
202309,36,AUS,Australia,47435058.0,2023-09-01,2023
202309,40,AUT,Austria,81528247.0,2023-09-01,2023
202309,44,BHS,Bahamas,3217.0,2023-09-01,2023
202309,48,BHR,Bahrain,7124.0,2023-09-01,2023
202309,50,BGD,Bangladesh,5842897.0,2023-09-01,2023
202309,52,BRB,Barbados,178124.0,2023-09-01,2023
202309,56,BEL,Belgium,143207509.0,2023-09-01,2023
202309,68,BOL,Bolivia (Plurinational State of),111165.0,2023-09-01,2023
202309,70,BIH,Bosnia Herzegovina,329003.0,2023-09-01,2023
202309,76,BRA,Brazil,33516373.0,2023-09-01,2023
202309,84,BLZ,Belize,38581.0,2023-09-01,2023
202309,90,SLB,Solomon Isds,96224.0,2023-09-01,2023
202309,96,BRN,Brunei Darussalam,248331.0,2023-09-01,2023
202309,100,BGR,Bulgaria,729863.0,2023-09-01,2023
202309,104,MMR,Myanmar,4535706.0,2023-09-01,2023
202309,108,BDI,Burundi,67251.0,2023-09-01,2023
202309,112,BLR,Belarus,1602769.0,2023-09-01,2023
202309,116,KHM,Cambodia,1006917.0,2023-09-01,2023
202309,120,CMR,Cameroon,940701.0,2023-09-01,2023
202309,124,CAN,Canada,94235694.0,2023-09-01,2023
202309,132,CPV,Cabo Verde,93.0,2023-09-01,2023
202309,136,CYM,Cayman Isds,3692.0,2023-09-01,2023
202309,144,LKA,Sri Lanka,139196.0,2023-09-01,2023
202309,148,TCD,Chad,252775.0,2023-09-01,2023
202309,152,CHL,Chile,4113839.0,2023-09-01,2023
202309,170,COL,Colombia,3375708.0,2023-09-01,2023
202309,178,COG,Congo,21698.0,2023-09-01,2023
202309,180,COD,Dem. Rep. of the Congo,890475.0,2023-09-01,2023
202309,188,CRI,Costa Rica,466524.0,2023-09-01,2023
202309,191,HRV,Croatia,493343.0,2023-09-01,2023
202309,192,CUB,Cuba,34933.0,2023-09-01,2023
202309,196,CYP,Cyprus,97429.0,2023-09-01,2023
202309,203,CZE,Czechia,36445300.0,2023-09-01,2023
202309,204,BEN,Benin,435240.0,2023-09-01,2023
202309,208,DNK,Denmark,1870537.0,2023-09-01,2023
202309,212,DMA,Dominica,30398.0,2023-09-01,2023
202309,214,DOM,Dominican Rep.,9662427.0,2023-09-01,2023
202309,218,ECU,Ecuador,633150.0,2023-09-01,2023
202309,222,SLV,El Salvador,564921.0,2023-09-01,2023
202309,226,GNQ,Equatorial Guinea,6409.0,2023-09-01,2023
202309,231,ETH,Ethiopia,2217661.0,2023-09-01,2023
202309,232,ERI,Eritrea,99464.0,2023-09-01,2023
202309,233,EST,Estonia,513935.0,2023-09-01,2023
202309,242,FJI,Fiji,302879.0,2023-09-01,2023
202309,246,FIN,Finland,79376367.0,2023-09-01,2023
202309,251,FRA,France,20755921.0,2023-09-01,2023
202309,258,PYF,French Polynesia,314228.0,2023-09-01,2023
202309,262,DJI,Djibouti,540329.0,2023-09-01,2023
202309,266,GAB,Gabon,25.0,2023-09-01,2023
202309,275,PSE,State of Palestine,205014.0,2023-09-01,2023
202309,276,DEU,Germany,772589800.0,2023-09-01,2023
202309,288,GHA,Ghana,240736.0,2023-09-01,2023
202309,296,KIR,Kiribati,3520.0,2023-09-01,2023
202309,300,GRC,Greece,840401.0,2023-09-01,2023
202309,320,GTM,Guatemala,453813.0,2023-09-01,2023
202309,324,GIN,Guinea,1289542.0,2023-09-01,2023
202309,328,GUY,Guyana,18946.0,2023-09-01,2023
202309,332,HTI,Haiti,379702.0,2023-09-01,2023
202309,340,HND,Honduras,244089.0,2023-09-01,2023
202309,344,HKG,"China, Hong Kong SAR",104604213.0,2023-09-01,2023
202309,348,HUN,Hungary,43576558.0,2023-09-01,2023
202309,352,ISL,Iceland,108115.0,2023-09-01,2023
202309,360,IDN,Indonesia,28949253.0,2023-09-01,2023
202309,364,IRN,Iran,1242237.0,2023-09-01,2023
202309,368,IRQ,Iraq,968710.0,2023-09-01,2023
202309,372,IRL,Ireland,3114612.0,2023-09-01,2023
202309,376,ISR,Israel,24981394.0,2023-09-01,2023
202309,380,ITA,Italy,203361441.0,2023-09-01,2023
202309,384,CIV,Côte d'Ivoire,812942.0,2023-09-01,2023
202309,388,JAM,Jamaica,509574.0,2023-09-01,2023
202309,392,JPN,Japan,256532072.0,2023-09-01,2023
202309,398,KAZ,Kazakhstan,65866.0,2023-09-01,2023
202309,400,JOR,Jordan,5255834.0,2023-09-01,2023
202309,404,KEN,Kenya,4952465.0,2023-09-01,2023
202309,410,KOR,Rep. of Korea,678336323.0,2023-09-01,2023
202309,414,KWT,Kuwait,634003.0,2023-09-01,2023
202309,417,KGZ,Kyrgyzstan,19042.0,2023-09-01,2023
202309,418,LAO,Lao People's Dem. Rep.,280836.0,2023-09-01,2023
202309,422,LBN,Lebanon,5956090.0,2023-09-01,2023
202309,428,LVA,Latvia,127305.0,2023-09-01,2023
202309,430,LBR,Liberia,7960.0,2023-09-01,2023
202309,434,LBY,Libya,2195273.0,2023-09-01,2023
202309,440,LTU,Lithuania,1870846.0,2023-09-01,2023
202309,442,LUX,Luxembourg,54509.0,2023-09-01,2023
202309,446,MAC,"China, Macao SAR",13680.0,2023-09-01,2023
202309,450,MDG,Madagascar,99868.0,2023-09-01,2023
202309,454,MWI,Malawi,129884.0,2023-09-01,2023
202309,458,MYS,Malaysia,23524554.0,2023-09-01,2023
202309,462,MDV,Maldives,299175.0,2023-09-01,2023
202309,466,MLI,Mali,113143.0,2023-09-01,2023
202309,470,MLT,Malta,154000.0,2023-09-01,2023
202309,478,MRT,Mauritania,483147.0,2023-09-01,2023
202309,480,MUS,Mauritius,111151.0,2023-09-01,2023
202309,484,MEX,Mexico,54172094.0,2023-09-01,2023
202309,490,S19,"Other Asia, nes",35336322.0,2023-09-01,2023
202309,496,MNG,Mongolia,8044171.0,2023-09-01,2023
202309,498,MDA,Rep. of Moldova,11869.0,2023-09-01,2023
202309,504,MAR,Morocco,2785067.0,2023-09-01,2023
202309,508,MOZ,Mozambique,1136352.0,2023-09-01,2023
202309,512,OMN,Oman,269378.0,2023-09-01,2023
202309,516,NAM,Namibia,233736.0,2023-09-01,2023
202309,524,NPL,Nepal,4344.0,2023-09-01,2023
202309,527,O19,"Oceania, nes",156008.0,2023-09-01,2023
202309,528,NLD,Netherlands,339642646.0,2023-09-01,2023
202309,531,CUW,Curaçao,124598.0,2023-09-01,2023
202309,540,NCL,New Caledonia,261216.0,2023-09-01,2023
202309,548,VUT,Vanuatu,8040.0,2023-09-01,2023
202309,554,NZL,New Zealand,3088125.0,2023-09-01,2023
202309,558,NIC,Nicaragua,118476.0,2023-09-01,2023
202309,566,NGA,Nigeria,13997790.0,2023-09-01,2023
202309,577,F19,"Other Africa, nes",2520.0,2023-09-01,2023
202309,579,NOR,Norway,2634817.0,2023-09-01,2023
202309,586,PAK,Pakistan,7564591.0,2023-09-01,2023
202309,591,PAN,Panama,2585771.0,2023-09-01,2023
202309,598,PNG,Papua New Guinea,404135.0,2023-09-01,2023
202309,600,PRY,Paraguay,125079.0,2023-09-01,2023
202309,604,PER,Peru,1299186.0,2023-09-01,2023
202309,608,PHL,Philippines,12378061.0,2023-09-01,2023
202309,616,POL,Poland,78486292.0,2023-09-01,2023
202309,620,PRT,Portugal,3811000.0,2023-09-01,2023
202309,624,GNB,Guinea-Bissau,3209.0,2023-09-01,2023
202309,626,TLS,Timor-Leste,6553.0,2023-09-01,2023
202309,634,QAT,Qatar,110226.0,2023-09-01,2023
202309,636,A79,"Rest of America, nes",12152.0,2023-09-01,2023
202309,642,ROU,Romania,2754857.0,2023-09-01,2023
202309,643,RUS,Russian Federation,32393569.0,2023-09-01,2023
202309,682,SAU,Saudi Arabia,12715283.0,2023-09-01,2023
202309,686,SEN,Senegal,338803.0,2023-09-01,2023
202309,688,SRB,Serbia,103200.0,2023-09-01,2023
202309,690,SYC,Seychelles,28711.0,2023-09-01,2023
202309,694,SLE,Sierra Leone,18943.0,2023-09-01,2023
202309,699,IND,India,193164055.0,2023-09-01,2023
202309,702,SGP,Singapore,7969536.0,2023-09-01,2023
202309,703,SVK,Slovakia,128957742.0,2023-09-01,2023
202309,704,VNM,Viet Nam,229747414.0,2023-09-01,2023
202309,705,SVN,Slovenia,21710600.0,2023-09-01,2023
202309,710,ZAF,South Africa,95163642.0,2023-09-01,2023
202309,716,ZWE,Zimbabwe,1978572.0,2023-09-01,2023
202309,724,ESP,Spain,214864312.0,2023-09-01,2023
202309,728,SSD,South Sudan,7968.0,2023-09-01,2023
202309,729,SDN,Sudan,308522.0,2023-09-01,2023
202309,740,SUR,Suriname,80174.0,2023-09-01,2023
202309,752,SWE,Sweden,25951936.0,2023-09-01,2023
202309,757,CHE,Switzerland,4301817.0,2023-09-01,2023
202309,762,TJK,Tajikistan,1161317.0,2023-09-01,2023
202309,764,THA,Thailand,27244948.0,2023-09-01,2023
202309,768,TGO,Togo,646332.0,2023-09-01,2023
202309,780,TTO,Trinidad and Tobago,6138.0,2023-09-01,2023
202309,784,ARE,United Arab Emirates,17282996.0,2023-09-01,2023
202309,788,TUN,Tunisia,226240.0,2023-09-01,2023
202309,792,TUR,Türkiye,85640977.0,2023-09-01,2023
202309,795,TKM,Turkmenistan,372851.0,2023-09-01,2023
202309,800,UGA,Uganda,1411823.0,2023-09-01,2023
202309,804,UKR,Ukraine,5065083.0,2023-09-01,2023
202309,818,EGY,Egypt,6040859.0,2023-09-01,2023
202309,826,GBR,United Kingdom,247838947.0,2023-09-01,2023
202309,834,TZA,United Rep. of Tanzania,3064016.0,2023-09-01,2023
202309,842,USA,USA,1184731128.0,2023-09-01,2023
202309,854,BFA,Burkina Faso,619415.0,2023-09-01,2023
202309,858,URY,Uruguay,910237.0,2023-09-01,2023
202309,860,UZB,Uzbekistan,2506067.0,2023-09-01,2023
202309,862,VEN,Venezuela,14313.0,2023-09-01,2023
202309,887,YEM,Yemen,1627483.0,2023-09-01,2023
202309,894,ZMB,Zambia,105040.0,2023-09-01,2023
202309,899,_X ,"Areas, nes",171226.0,2023-09-01,2023
202310,4,AFG,Afghanistan,212769.0,2023-10-01,2023
202310,8,ALB,Albania,21199.0,2023-10-01,2023
202310,12,DZA,Algeria,182424.0,2023-10-01,2023
202310,24,AGO,Angola,1757654.0,2023-10-01,2023
202310,32,ARG,Argentina,2245729.0,2023-10-01,2023
202310,36,AUS,Australia,44433242.0,2023-10-01,2023
202310,40,AUT,Austria,33087259.0,2023-10-01,2023
202310,44,BHS,Bahamas,43324.0,2023-10-01,2023
202310,48,BHR,Bahrain,366.0,2023-10-01,2023
202310,50,BGD,Bangladesh,6363415.0,2023-10-01,2023
202310,52,BRB,Barbados,1810.0,2023-10-01,2023
202310,56,BEL,Belgium,137648338.0,2023-10-01,2023
202310,68,BOL,Bolivia (Plurinational State of),1085575.0,2023-10-01,2023
202310,70,BIH,Bosnia Herzegovina,98728.0,2023-10-01,2023
202310,76,BRA,Brazil,27986848.0,2023-10-01,2023
202310,84,BLZ,Belize,5155.0,2023-10-01,2023
202310,90,SLB,Solomon Isds,647900.0,2023-10-01,2023
202310,96,BRN,Brunei Darussalam,2549.0,2023-10-01,2023
202310,100,BGR,Bulgaria,3632902.0,2023-10-01,2023
202310,104,MMR,Myanmar,6024370.0,2023-10-01,2023
202310,108,BDI,Burundi,50559.0,2023-10-01,2023
202310,112,BLR,Belarus,230983.0,2023-10-01,2023
202310,116,KHM,Cambodia,259935.0,2023-10-01,2023
202310,120,CMR,Cameroon,5049153.0,2023-10-01,2023
202310,124,CAN,Canada,87088868.0,2023-10-01,2023
202310,140,CAF,Central African Rep.,5208.0,2023-10-01,2023
202310,144,LKA,Sri Lanka,306389.0,2023-10-01,2023
202310,148,TCD,Chad,736086.0,2023-10-01,2023
202310,152,CHL,Chile,19875804.0,2023-10-01,2023
202310,170,COL,Colombia,4779052.0,2023-10-01,2023
202310,178,COG,Congo,3638.0,2023-10-01,2023
202310,180,COD,Dem. Rep. of the Congo,1028389.0,2023-10-01,2023
202310,188,CRI,Costa Rica,160788.0,2023-10-01,2023
202310,191,HRV,Croatia,927443.0,2023-10-01,2023
202310,192,CUB,Cuba,13719.0,2023-10-01,2023
202310,196,CYP,Cyprus,22894.0,2023-10-01,2023
202310,203,CZE,Czechia,34574768.0,2023-10-01,2023
202310,204,BEN,Benin,2702914.0,2023-10-01,2023
202310,208,DNK,Denmark,1366021.0,2023-10-01,2023
202310,212,DMA,Dominica,1700.0,2023-10-01,2023
202310,214,DOM,Dominican Rep.,770449.0,2023-10-01,2023
202310,218,ECU,Ecuador,484451.0,2023-10-01,2023
202310,222,SLV,El Salvador,108726.0,2023-10-01,2023
202310,231,ETH,Ethiopia,2001359.0,2023-10-01,2023
202310,233,EST,Estonia,359874.0,2023-10-01,2023
202310,242,FJI,Fiji,32622.0,2023-10-01,2023
202310,246,FIN,Finland,64810240.0,2023-10-01,2023
202310,251,FRA,France,18306801.0,2023-10-01,2023
202310,258,PYF,French Polynesia,61553.0,2023-10-01,2023
202310,262,DJI,Djibouti,956765.0,2023-10-01,2023
202310,275,PSE,State of Palestine,295665.0,2023-10-01,2023
202310,276,DEU,Germany,562399372.0,2023-10-01,2023
202310,288,GHA,Ghana,78837.0,2023-10-01,2023
202310,296,KIR,Kiribati,251013.0,2023-10-01,2023
202310,300,GRC,Greece,1430568.0,2023-10-01,2023
202310,308,GRD,Grenada,1010.0,2023-10-01,2023
202310,320,GTM,Guatemala,383047.0,2023-10-01,2023
202310,324,GIN,Guinea,1927.0,2023-10-01,2023
202310,328,GUY,Guyana,20453.0,2023-10-01,2023
202310,332,HTI,Haiti,93397.0,2023-10-01,2023
202310,340,HND,Honduras,324195.0,2023-10-01,2023
202310,344,HKG,"China, Hong Kong SAR",84302865.0,2023-10-01,2023
202310,348,HUN,Hungary,74734619.0,2023-10-01,2023
202310,360,IDN,Indonesia,20423802.0,2023-10-01,2023
202310,364,IRN,Iran,4296.0,2023-10-01,2023
202310,368,IRQ,Iraq,3596697.0,2023-10-01,2023
202310,372,IRL,Ireland,1389201.0,2023-10-01,2023
202310,376,ISR,Israel,47130884.0,2023-10-01,2023
202310,380,ITA,Italy,273194410.0,2023-10-01,2023
202310,384,CIV,Côte d'Ivoire,232087.0,2023-10-01,2023
202310,388,JAM,Jamaica,1023753.0,2023-10-01,2023
202310,392,JPN,Japan,252596152.0,2023-10-01,2023
202310,398,KAZ,Kazakhstan,330335.0,2023-10-01,2023
202310,400,JOR,Jordan,5343167.0,2023-10-01,2023
202310,404,KEN,Kenya,1589994.0,2023-10-01,2023
202310,410,KOR,Rep. of Korea,531953268.0,2023-10-01,2023
202310,414,KWT,Kuwait,319749.0,2023-10-01,2023
202310,417,KGZ,Kyrgyzstan,52142.0,2023-10-01,2023
202310,418,LAO,Lao People's Dem. Rep.,13581.0,2023-10-01,2023
202310,422,LBN,Lebanon,3460277.0,2023-10-01,2023
202310,428,LVA,Latvia,82980.0,2023-10-01,2023
202310,430,LBR,Liberia,110007.0,2023-10-01,2023
202310,434,LBY,Libya,88159.0,2023-10-01,2023
202310,440,LTU,Lithuania,108952.0,2023-10-01,2023
202310,442,LUX,Luxembourg,11613.0,2023-10-01,2023
202310,446,MAC,"China, Macao SAR",20061.0,2023-10-01,2023
202310,450,MDG,Madagascar,658706.0,2023-10-01,2023
202310,454,MWI,Malawi,1158.0,2023-10-01,2023
202310,458,MYS,Malaysia,19468024.0,2023-10-01,2023
202310,462,MDV,Maldives,601098.0,2023-10-01,2023
202310,466,MLI,Mali,341344.0,2023-10-01,2023
202310,470,MLT,Malta,54486.0,2023-10-01,2023
202310,478,MRT,Mauritania,260815.0,2023-10-01,2023
202310,480,MUS,Mauritius,6974.0,2023-10-01,2023
202310,484,MEX,Mexico,64997142.0,2023-10-01,2023
202310,490,S19,"Other Asia, nes",41657736.0,2023-10-01,2023
202310,496,MNG,Mongolia,52216.0,2023-10-01,2023
202310,504,MAR,Morocco,1589464.0,2023-10-01,2023
202310,508,MOZ,Mozambique,701156.0,2023-10-01,2023
202310,512,OMN,Oman,161075.0,2023-10-01,2023
202310,516,NAM,Namibia,8411.0,2023-10-01,2023
202310,524,NPL,Nepal,713574.0,2023-10-01,2023
202310,527,O19,"Oceania, nes",112542.0,2023-10-01,2023
202310,528,NLD,Netherlands,290010111.0,2023-10-01,2023
202310,531,CUW,Curaçao,6891.0,2023-10-01,2023
202310,533,ABW,Aruba,948.0,2023-10-01,2023
202310,540,NCL,New Caledonia,134420.0,2023-10-01,2023
202310,554,NZL,New Zealand,1924370.0,2023-10-01,2023
202310,558,NIC,Nicaragua,310787.0,2023-10-01,2023
202310,566,NGA,Nigeria,17933823.0,2023-10-01,2023
202310,579,NOR,Norway,4161620.0,2023-10-01,2023
202310,586,PAK,Pakistan,8940204.0,2023-10-01,2023
202310,591,PAN,Panama,2667624.0,2023-10-01,2023
202310,598,PNG,Papua New Guinea,52728.0,2023-10-01,2023
202310,600,PRY,Paraguay,487462.0,2023-10-01,2023
202310,604,PER,Peru,3284148.0,2023-10-01,2023
202310,608,PHL,Philippines,13479228.0,2023-10-01,2023
202310,616,POL,Poland,119642063.0,2023-10-01,2023
202310,620,PRT,Portugal,3172846.0,2023-10-01,2023
202310,626,TLS,Timor-Leste,632.0,2023-10-01,2023
202310,634,QAT,Qatar,210587.0,2023-10-01,2023
202310,636,A79,"Rest of America, nes",92056.0,2023-10-01,2023
202310,642,ROU,Romania,1069796.0,2023-10-01,2023
202310,643,RUS,Russian Federation,25342204.0,2023-10-01,2023
202310,646,RWA,Rwanda,13530.0,2023-10-01,2023
202310,659,KNA,Saint Kitts and Nevis,6406.0,2023-10-01,2023
202310,662,LCA,Saint Lucia,4695.0,2023-10-01,2023
202310,682,SAU,Saudi Arabia,4601774.0,2023-10-01,2023
202310,686,SEN,Senegal,435415.0,2023-10-01,2023
202310,688,SRB,Serbia,79936.0,2023-10-01,2023
202310,690,SYC,Seychelles,455.0,2023-10-01,2023
202310,694,SLE,Sierra Leone,39078.0,2023-10-01,2023
202310,699,IND,India,153372291.0,2023-10-01,2023
202310,702,SGP,Singapore,17352583.0,2023-10-01,2023
202310,703,SVK,Slovakia,99210676.0,2023-10-01,2023
202310,704,VNM,Viet Nam,266850177.0,2023-10-01,2023
202310,705,SVN,Slovenia,18668535.0,2023-10-01,2023
202310,706,SOM,Somalia,773289.0,2023-10-01,2023
202310,710,ZAF,South Africa,89034175.0,2023-10-01,2023
202310,716,ZWE,Zimbabwe,599657.0,2023-10-01,2023
202310,724,ESP,Spain,220368500.0,2023-10-01,2023
202310,729,SDN,Sudan,255919.0,2023-10-01,2023
202310,752,SWE,Sweden,6630823.0,2023-10-01,2023
202310,757,CHE,Switzerland,2141318.0,2023-10-01,2023
202310,760,SYR,Syria,126180.0,2023-10-01,2023
202310,762,TJK,Tajikistan,1341.0,2023-10-01,2023
202310,764,THA,Thailand,22916858.0,2023-10-01,2023
202310,780,TTO,Trinidad and Tobago,28120.0,2023-10-01,2023
202310,784,ARE,United Arab Emirates,10228034.0,2023-10-01,2023
202310,788,TUN,Tunisia,43329.0,2023-10-01,2023
202310,792,TUR,Türkiye,81038036.0,2023-10-01,2023
202310,795,TKM,Turkmenistan,84147.0,2023-10-01,2023
202310,800,UGA,Uganda,145244.0,2023-10-01,2023
202310,804,UKR,Ukraine,6438104.0,2023-10-01,2023
202310,818,EGY,Egypt,5477522.0,2023-10-01,2023
202310,826,GBR,United Kingdom,125296243.0,2023-10-01,2023
202310,834,TZA,United Rep. of Tanzania,978166.0,2023-10-01,2023
202310,842,USA,USA,1450340792.0,2023-10-01,2023
202310,854,BFA,Burkina Faso,877334.0,2023-10-01,2023
202310,858,URY,Uruguay,264798.0,2023-10-01,2023
202310,860,UZB,Uzbekistan,580650.0,2023-10-01,2023
202310,862,VEN,Venezuela,51350.0,2023-10-01,2023
202310,882,WSM,Samoa,116.0,2023-10-01,2023
202310,887,YEM,Yemen,4238.0,2023-10-01,2023
202310,894,ZMB,Zambia,40498.0,2023-10-01,2023
202310,899,_X ,"Areas, nes",316570.0,2023-10-01,2023
202311,4,AFG,Afghanistan,365821.0,2023-11-01,2023
202311,8,ALB,Albania,160018.0,2023-11-01,2023
202311,12,DZA,Algeria,552040.0,2023-11-01,2023
202311,20,AND,Andorra,17.0,2023-11-01,2023
202311,24,AGO,Angola,118217.0,2023-11-01,2023
202311,28,ATG,Antigua and Barbuda,3900.0,2023-11-01,2023
202311,32,ARG,Argentina,1673650.0,2023-11-01,2023
202311,36,AUS,Australia,259371475.0,2023-11-01,2023
202311,40,AUT,Austria,27362895.0,2023-11-01,2023
202311,44,BHS,Bahamas,22708.0,2023-11-01,2023
202311,48,BHR,Bahrain,28747.0,2023-11-01,2023
202311,50,BGD,Bangladesh,5373073.0,2023-11-01,2023
202311,52,BRB,Barbados,22926.0,2023-11-01,2023
202311,56,BEL,Belgium,148000361.0,2023-11-01,2023
202311,64,BTN,Bhutan,11090.0,2023-11-01,2023
202311,68,BOL,Bolivia (Plurinational State of),377959.0,2023-11-01,2023
202311,70,BIH,Bosnia Herzegovina,289759.0,2023-11-01,2023
202311,72,BWA,Botswana,317780.0,2023-11-01,2023
202311,76,BRA,Brazil,36787546.0,2023-11-01,2023
202311,84,BLZ,Belize,7957.0,2023-11-01,2023
202311,90,SLB,Solomon Isds,104404.0,2023-11-01,2023
202311,96,BRN,Brunei Darussalam,220615.0,2023-11-01,2023
202311,100,BGR,Bulgaria,682890.0,2023-11-01,2023
202311,104,MMR,Myanmar,9646946.0,2023-11-01,2023
202311,112,BLR,Belarus,676843.0,2023-11-01,2023
202311,116,KHM,Cambodia,1441774.0,2023-11-01,2023
202311,120,CMR,Cameroon,6237477.0,2023-11-01,2023
202311,124,CAN,Canada,77699590.0,2023-11-01,2023
202311,136,CYM,Cayman Isds,2946808.0,2023-11-01,2023
202311,144,LKA,Sri Lanka,387464.0,2023-11-01,2023
202311,148,TCD,Chad,506353.0,2023-11-01,2023
202311,152,CHL,Chile,32065808.0,2023-11-01,2023
202311,170,COL,Colombia,2182635.0,2023-11-01,2023
202311,178,COG,Congo,68574.0,2023-11-01,2023
202311,180,COD,Dem. Rep. of the Congo,2793093.0,2023-11-01,2023
202311,188,CRI,Costa Rica,130860.0,2023-11-01,2023
202311,191,HRV,Croatia,363907.0,2023-11-01,2023
202311,192,CUB,Cuba,15562.0,2023-11-01,2023
202311,196,CYP,Cyprus,289305.0,2023-11-01,2023
202311,203,CZE,Czechia,27022051.0,2023-11-01,2023
202311,204,BEN,Benin,310407.0,2023-11-01,2023
202311,208,DNK,Denmark,2960777.0,2023-11-01,2023
202311,212,DMA,Dominica,86706.0,2023-11-01,2023
202311,214,DOM,Dominican Rep.,1435668.0,2023-11-01,2023
202311,218,ECU,Ecuador,522082.0,2023-11-01,2023
202311,222,SLV,El Salvador,66809.0,2023-11-01,2023
202311,231,ETH,Ethiopia,139356.0,2023-11-01,2023
202311,233,EST,Estonia,515932.0,2023-11-01,2023
202311,242,FJI,Fiji,639363.0,2023-11-01,2023
202311,246,FIN,Finland,75482553.0,2023-11-01,2023
202311,251,FRA,France,22732546.0,2023-11-01,2023
202311,258,PYF,French Polynesia,164269.0,2023-11-01,2023
202311,262,DJI,Djibouti,1478676.0,2023-11-01,2023
202311,266,GAB,Gabon,1240800.0,2023-11-01,2023
202311,270,GMB,Gambia,1207697.0,2023-11-01,2023
202311,275,PSE,State of Palestine,65654.0,2023-11-01,2023
202311,276,DEU,Germany,609045780.0,2023-11-01,2023
202311,288,GHA,Ghana,260632.0,2023-11-01,2023
202311,300,GRC,Greece,1146621.0,2023-11-01,2023
202311,320,GTM,Guatemala,918991.0,2023-11-01,2023
202311,324,GIN,Guinea,630971.0,2023-11-01,2023
202311,328,GUY,Guyana,66634.0,2023-11-01,2023
202311,332,HTI,Haiti,1013089.0,2023-11-01,2023
202311,340,HND,Honduras,205858.0,2023-11-01,2023
202311,344,HKG,"China, Hong Kong SAR",92205188.0,2023-11-01,2023
202311,348,HUN,Hungary,38449433.0,2023-11-01,2023
202311,360,IDN,Indonesia,34921748.0,2023-11-01,2023
202311,364,IRN,Iran,1370777.0,2023-11-01,2023
202311,368,IRQ,Iraq,666232.0,2023-11-01,2023
202311,372,IRL,Ireland,1814267.0,2023-11-01,2023
202311,376,ISR,Israel,17661593.0,2023-11-01,2023
202311,380,ITA,Italy,111380006.0,2023-11-01,2023
202311,384,CIV,Côte d'Ivoire,1323978.0,2023-11-01,2023
202311,388,JAM,Jamaica,495471.0,2023-11-01,2023
202311,392,JPN,Japan,247859774.0,2023-11-01,2023
202311,398,KAZ,Kazakhstan,257054.0,2023-11-01,2023
202311,400,JOR,Jordan,1852258.0,2023-11-01,2023
202311,404,KEN,Kenya,5228167.0,2023-11-01,2023
202311,410,KOR,Rep. of Korea,570412721.0,2023-11-01,2023
202311,414,KWT,Kuwait,319048.0,2023-11-01,2023
202311,417,KGZ,Kyrgyzstan,32022.0,2023-11-01,2023
202311,418,LAO,Lao People's Dem. Rep.,166235.0,2023-11-01,2023
202311,422,LBN,Lebanon,6763307.0,2023-11-01,2023
202311,426,LSO,Lesotho,49946.0,2023-11-01,2023
202311,428,LVA,Latvia,106112.0,2023-11-01,2023
202311,430,LBR,Liberia,174644.0,2023-11-01,2023
202311,434,LBY,Libya,1164543.0,2023-11-01,2023
202311,440,LTU,Lithuania,915860.0,2023-11-01,2023
202311,442,LUX,Luxembourg,9476.0,2023-11-01,2023
202311,446,MAC,"China, Macao SAR",106845.0,2023-11-01,2023
202311,450,MDG,Madagascar,1397846.0,2023-11-01,2023
202311,454,MWI,Malawi,142868.0,2023-11-01,2023
202311,458,MYS,Malaysia,21101625.0,2023-11-01,2023
202311,462,MDV,Maldives,696608.0,2023-11-01,2023
202311,466,MLI,Mali,546754.0,2023-11-01,2023
202311,470,MLT,Malta,47115.0,2023-11-01,2023
202311,478,MRT,Mauritania,15945.0,2023-11-01,2023
202311,480,MUS,Mauritius,49197.0,2023-11-01,2023
202311,484,MEX,Mexico,60013782.0,2023-11-01,2023
202311,490,S19,"Other Asia, nes",51026786.0,2023-11-01,2023
202311,496,MNG,Mongolia,69000.0,2023-11-01,2023
202311,498,MDA,Rep. of Moldova,70248.0,2023-11-01,2023
202311,504,MAR,Morocco,4067927.0,2023-11-01,2023
202311,508,MOZ,Mozambique,658206.0,2023-11-01,2023
202311,512,OMN,Oman,1245530.0,2023-11-01,2023
202311,516,NAM,Namibia,15340.0,2023-11-01,2023
202311,524,NPL,Nepal,163266.0,2023-11-01,2023
202311,527,O19,"Oceania, nes",17233.0,2023-11-01,2023
202311,528,NLD,Netherlands,213541094.0,2023-11-01,2023
202311,531,CUW,Curaçao,180005.0,2023-11-01,2023
202311,533,ABW,Aruba,704.0,2023-11-01,2023
202311,540,NCL,New Caledonia,155470.0,2023-11-01,2023
202311,548,VUT,Vanuatu,145638.0,2023-11-01,2023
202311,554,NZL,New Zealand,3968859.0,2023-11-01,2023
202311,558,NIC,Nicaragua,79158.0,2023-11-01,2023
202311,566,NGA,Nigeria,16481733.0,2023-11-01,2023
202311,579,NOR,Norway,3043318.0,2023-11-01,2023
202311,584,MHL,Marshall Isds,15360.0,2023-11-01,2023
202311,585,PLW,Palau,25828.0,2023-11-01,2023
202311,586,PAK,Pakistan,8797913.0,2023-11-01,2023
202311,591,PAN,Panama,2046955.0,2023-11-01,2023
202311,598,PNG,Papua New Guinea,96213.0,2023-11-01,2023
202311,600,PRY,Paraguay,513775.0,2023-11-01,2023
202311,604,PER,Peru,4950527.0,2023-11-01,2023
202311,608,PHL,Philippines,19897020.0,2023-11-01,2023
202311,616,POL,Poland,67953641.0,2023-11-01,2023
202311,620,PRT,Portugal,6718325.0,2023-11-01,2023
202311,626,TLS,Timor-Leste,3981.0,2023-11-01,2023
202311,634,QAT,Qatar,220094.0,2023-11-01,2023
202311,636,A79,"Rest of America, nes",182416.0,2023-11-01,2023
202311,642,ROU,Romania,725398.0,2023-11-01,2023
202311,643,RUS,Russian Federation,23123142.0,2023-11-01,2023
202311,646,RWA,Rwanda,47804.0,2023-11-01,2023
202311,662,LCA,Saint Lucia,47238.0,2023-11-01,2023
202311,678,STP,Sao Tome and Principe,2728.0,2023-11-01,2023
202311,682,SAU,Saudi Arabia,14023034.0,2023-11-01,2023
202311,686,SEN,Senegal,1390330.0,2023-11-01,2023
202311,688,SRB,Serbia,158724.0,2023-11-01,2023
202311,694,SLE,Sierra Leone,102353.0,2023-11-01,2023
202311,699,IND,India,135470587.0,2023-11-01,2023
202311,702,SGP,Singapore,16829913.0,2023-11-01,2023
202311,703,SVK,Slovakia,19989845.0,2023-11-01,2023
202311,704,VNM,Viet Nam,344767415.0,2023-11-01,2023
202311,705,SVN,Slovenia,44444240.0,2023-11-01,2023
202311,706,SOM,Somalia,1964235.0,2023-11-01,2023
202311,710,ZAF,South Africa,47424286.0,2023-11-01,2023
202311,716,ZWE,Zimbabwe,1589548.0,2023-11-01,2023
202311,724,ESP,Spain,141940807.0,2023-11-01,2023
202311,728,SSD,South Sudan,155332.0,2023-11-01,2023
202311,729,SDN,Sudan,627214.0,2023-11-01,2023
202311,740,SUR,Suriname,440278.0,2023-11-01,2023
202311,752,SWE,Sweden,6236956.0,2023-11-01,2023
202311,757,CHE,Switzerland,1545557.0,2023-11-01,2023
202311,760,SYR,Syria,128521.0,2023-11-01,2023
202311,764,THA,Thailand,41442003.0,2023-11-01,2023
202311,768,TGO,Togo,1872433.0,2023-11-01,2023
202311,776,TON,Tonga,2496.0,2023-11-01,2023
202311,780,TTO,Trinidad and Tobago,8117.0,2023-11-01,2023
202311,784,ARE,United Arab Emirates,11727653.0,2023-11-01,2023
202311,788,TUN,Tunisia,86630.0,2023-11-01,2023
202311,792,TUR,Türkiye,65234170.0,2023-11-01,2023
202311,796,TCA,Turks and Caicos Isds,2913.0,2023-11-01,2023
202311,800,UGA,Uganda,625726.0,2023-11-01,2023
202311,804,UKR,Ukraine,3641335.0,2023-11-01,2023
202311,818,EGY,Egypt,4721248.0,2023-11-01,2023
202311,826,GBR,United Kingdom,128056388.0,2023-11-01,2023
202311,834,TZA,United Rep. of Tanzania,2030551.0,2023-11-01,2023
202311,842,USA,USA,1471541009.0,2023-11-01,2023
202311,854,BFA,Burkina Faso,512337.0,2023-11-01,2023
202311,858,URY,Uruguay,336333.0,2023-11-01,2023
202311,860,UZB,Uzbekistan,570441.0,2023-11-01,2023
202311,862,VEN,Venezuela,411183.0,2023-11-01,2023
202311,882,WSM,Samoa,28342.0,2023-11-01,2023
202311,887,YEM,Yemen,171362.0,2023-11-01,2023
202311,894,ZMB,Zambia,644127.0,2023-11-01,2023
202311,899,_X ,"Areas, nes",36247.0,2023-11-01,2023
202312,4,AFG,Afghanistan,166192.0,2023-12-01,2023
202312,8,ALB,Albania,71470.0,2023-12-01,2023
202312,12,DZA,Algeria,969394.0,2023-12-01,2023
202312,24,AGO,Angola,212764.0,2023-12-01,2023
202312,32,ARG,Argentina,1241738.0,2023-12-01,2023
202312,36,AUS,Australia,85338022.0,2023-12-01,2023
202312,40,AUT,Austria,9239756.0,2023-12-01,2023
202312,44,BHS,Bahamas,152435.0,2023-12-01,2023
202312,48,BHR,Bahrain,13189.0,2023-12-01,2023
202312,50,BGD,Bangladesh,4500455.0,2023-12-01,2023
202312,52,BRB,Barbados,2982.0,2023-12-01,2023
202312,56,BEL,Belgium,100443571.0,2023-12-01,2023
202312,64,BTN,Bhutan,143907.0,2023-12-01,2023
202312,68,BOL,Bolivia (Plurinational State of),2291816.0,2023-12-01,2023
202312,72,BWA,Botswana,38549.0,2023-12-01,2023
202312,76,BRA,Brazil,49208305.0,2023-12-01,2023
202312,84,BLZ,Belize,41159.0,2023-12-01,2023
202312,96,BRN,Brunei Darussalam,3641.0,2023-12-01,2023
202312,100,BGR,Bulgaria,4717156.0,2023-12-01,2023
202312,104,MMR,Myanmar,6822511.0,2023-12-01,2023
202312,108,BDI,Burundi,117284.0,2023-12-01,2023
202312,112,BLR,Belarus,254055.0,2023-12-01,2023
202312,116,KHM,Cambodia,772180.0,2023-12-01,2023
202312,120,CMR,Cameroon,2032155.0,2023-12-01,2023
202312,124,CAN,Canada,78289899.0,2023-12-01,2023
202312,132,CPV,Cabo Verde,30950.0,2023-12-01,2023
202312,136,CYM,Cayman Isds,2436613.0,2023-12-01,2023
202312,140,CAF,Central African Rep.,826483.0,2023-12-01,2023
202312,144,LKA,Sri Lanka,567484.0,2023-12-01,2023
202312,148,TCD,Chad,1780231.0,2023-12-01,2023
202312,152,CHL,Chile,4222809.0,2023-12-01,2023
202312,170,COL,Colombia,2192255.0,2023-12-01,2023
202312,178,COG,Congo,6993.0,2023-12-01,2023
202312,180,COD,Dem. Rep. of the Congo,2948101.0,2023-12-01,2023
202312,188,CRI,Costa Rica,761917.0,2023-12-01,2023
202312,191,HRV,Croatia,1894174.0,2023-12-01,2023
202312,192,CUB,Cuba,511495.0,2023-12-01,2023
202312,196,CYP,Cyprus,39206.0,2023-12-01,2023
202312,203,CZE,Czechia,26510543.0,2023-12-01,2023
202312,204,BEN,Benin,204317.0,2023-12-01,2023
202312,208,DNK,Denmark,1485251.0,2023-12-01,2023
202312,212,DMA,Dominica,41068.0,2023-12-01,2023
202312,214,DOM,Dominican Rep.,1509211.0,2023-12-01,2023
202312,218,ECU,Ecuador,205903.0,2023-12-01,2023
202312,222,SLV,El Salvador,82674.0,2023-12-01,2023
202312,226,GNQ,Equatorial Guinea,92867.0,2023-12-01,2023
202312,231,ETH,Ethiopia,423001.0,2023-12-01,2023
202312,233,EST,Estonia,253295.0,2023-12-01,2023
202312,242,FJI,Fiji,96178.0,2023-12-01,2023
202312,246,FIN,Finland,21884539.0,2023-12-01,2023
202312,251,FRA,France,28465987.0,2023-12-01,2023
202312,258,PYF,French Polynesia,229766.0,2023-12-01,2023
202312,262,DJI,Djibouti,735207.0,2023-12-01,2023
202312,266,GAB,Gabon,399.0,2023-12-01,2023
202312,270,GMB,Gambia,645873.0,2023-12-01,2023
202312,275,PSE,State of Palestine,55002.0,2023-12-01,2023
202312,276,DEU,Germany,749754690.0,2023-12-01,2023
202312,288,GHA,Ghana,774513.0,2023-12-01,2023
202312,296,KIR,Kiribati,155820.0,2023-12-01,2023
202312,300,GRC,Greece,12061810.0,2023-12-01,2023
202312,308,GRD,Grenada,92287.0,2023-12-01,2023
202312,320,GTM,Guatemala,317113.0,2023-12-01,2023
202312,324,GIN,Guinea,359971.0,2023-12-01,2023
202312,328,GUY,Guyana,288997.0,2023-12-01,2023
202312,332,HTI,Haiti,158011.0,2023-12-01,2023
202312,340,HND,Honduras,759402.0,2023-12-01,2023
202312,344,HKG,"China, Hong Kong SAR",115022350.0,2023-12-01,2023
202312,348,HUN,Hungary,9755076.0,2023-12-01,2023
202312,352,ISL,Iceland,37179.0,2023-12-01,2023
202312,360,IDN,Indonesia,37126102.0,2023-12-01,2023
202312,364,IRN,Iran,2715192.0,2023-12-01,2023
202312,368,IRQ,Iraq,1362774.0,2023-12-01,2023
202312,372,IRL,Ireland,3174241.0,2023-12-01,2023
202312,376,ISR,Israel,29843162.0,2023-12-01,2023
202312,380,ITA,Italy,220489334.0,2023-12-01,2023
202312,384,CIV,Côte d'Ivoire,311855.0,2023-12-01,2023
202312,388,JAM,Jamaica,543663.0,2023-12-01,2023
202312,392,JPN,Japan,224777057.0,2023-12-01,2023
202312,398,KAZ,Kazakhstan,293353.0,2023-12-01,2023
202312,400,JOR,Jordan,1366917.0,2023-12-01,2023
202312,404,KEN,Kenya,2489237.0,2023-12-01,2023
202312,410,KOR,Rep. of Korea,497395384.0,2023-12-01,2023
202312,414,KWT,Kuwait,335954.0,2023-12-01,2023
202312,417,KGZ,Kyrgyzstan,273364.0,2023-12-01,2023
202312,418,LAO,Lao People's Dem. Rep.,578445.0,2023-12-01,2023
202312,422,LBN,Lebanon,2115008.0,2023-12-01,2023
202312,428,LVA,Latvia,124531.0,2023-12-01,2023
202312,430,LBR,Liberia,1331532.0,2023-12-01,2023
202312,440,LTU,Lithuania,1623668.0,2023-12-01,2023
202312,442,LUX,Luxembourg,25787.0,2023-12-01,2023
202312,446,MAC,"China, Macao SAR",288694.0,2023-12-01,2023
202312,450,MDG,Madagascar,152198.0,2023-12-01,2023
202312,454,MWI,Malawi,139325.0,2023-12-01,2023
202312,458,MYS,Malaysia,25968676.0,2023-12-01,2023
202312,462,MDV,Maldives,3160.0,2023-12-01,2023
202312,466,MLI,Mali,4593912.0,2023-12-01,2023
202312,470,MLT,Malta,7094.0,2023-12-01,2023
202312,478,MRT,Mauritania,451682.0,2023-12-01,2023
202312,480,MUS,Mauritius,505001.0,2023-12-01,2023
202312,484,MEX,Mexico,53369089.0,2023-12-01,2023
202312,490,S19,"Other Asia, nes",83611022.0,2023-12-01,2023
202312,496,MNG,Mongolia,26229.0,2023-12-01,2023
202312,498,MDA,Rep. of Moldova,21542.0,2023-12-01,2023
202312,504,MAR,Morocco,5549386.0,2023-12-01,2023
202312,508,MOZ,Mozambique,2215111.0,2023-12-01,2023
202312,512,OMN,Oman,144534.0,2023-12-01,2023
202312,516,NAM,Namibia,1323902.0,2023-12-01,2023
202312,524,NPL,Nepal,75237.0,2023-12-01,2023
202312,527,O19,"Oceania, nes",58.0,2023-12-01,2023
202312,528,NLD,Netherlands,222304019.0,2023-12-01,2023
202312,531,CUW,Curaçao,83706.0,2023-12-01,2023
202312,533,ABW,Aruba,10836.0,2023-12-01,2023
202312,540,NCL,New Caledonia,247885.0,2023-12-01,2023
202312,548,VUT,Vanuatu,15881.0,2023-12-01,2023
202312,554,NZL,New Zealand,2688103.0,2023-12-01,2023
202312,558,NIC,Nicaragua,198627.0,2023-12-01,2023
202312,562,NER,Niger,140370.0,2023-12-01,2023
202312,566,NGA,Nigeria,22365627.0,2023-12-01,2023
202312,579,NOR,Norway,3949002.0,2023-12-01,2023
202312,586,PAK,Pakistan,13965612.0,2023-12-01,2023
202312,591,PAN,Panama,7336068.0,2023-12-01,2023
202312,598,PNG,Papua New Guinea,207332.0,2023-12-01,2023
202312,600,PRY,Paraguay,630947.0,2023-12-01,2023
202312,604,PER,Peru,4434059.0,2023-12-01,2023
202312,608,PHL,Philippines,10675852.0,2023-12-01,2023
202312,616,POL,Poland,58694532.0,2023-12-01,2023
202312,620,PRT,Portugal,5930457.0,2023-12-01,2023
202312,624,GNB,Guinea-Bissau,64009.0,2023-12-01,2023
202312,626,TLS,Timor-Leste,333.0,2023-12-01,2023
202312,634,QAT,Qatar,66510.0,2023-12-01,2023
202312,636,A79,"Rest of America, nes",6751.0,2023-12-01,2023
202312,642,ROU,Romania,2102983.0,2023-12-01,2023
202312,643,RUS,Russian Federation,32986560.0,2023-12-01,2023
202312,646,RWA,Rwanda,662697.0,2023-12-01,2023
202312,662,LCA,Saint Lucia,7928.0,2023-12-01,2023
202312,670,VCT,Saint Vincent and the Grenadines,71337.0,2023-12-01,2023
202312,678,STP,Sao Tome and Principe,255.0,2023-12-01,2023
202312,682,SAU,Saudi Arabia,6096433.0,2023-12-01,2023
202312,686,SEN,Senegal,981385.0,2023-12-01,2023
202312,688,SRB,Serbia,238797.0,2023-12-01,2023
202312,690,SYC,Seychelles,2522.0,2023-12-01,2023
202312,694,SLE,Sierra Leone,257903.0,2023-12-01,2023
202312,699,IND,India,170423023.0,2023-12-01,2023
202312,702,SGP,Singapore,17105279.0,2023-12-01,2023
202312,703,SVK,Slovakia,20843537.0,2023-12-01,2023
202312,704,VNM,Viet Nam,498545315.0,2023-12-01,2023
202312,705,SVN,Slovenia,21997248.0,2023-12-01,2023
202312,706,SOM,Somalia,23184.0,2023-12-01,2023
202312,710,ZAF,South Africa,30667834.0,2023-12-01,2023
202312,716,ZWE,Zimbabwe,1402338.0,2023-12-01,2023
202312,724,ESP,Spain,87238025.0,2023-12-01,2023
202312,729,SDN,Sudan,220997.0,2023-12-01,2023
202312,752,SWE,Sweden,11928564.0,2023-12-01,2023
202312,757,CHE,Switzerland,3953221.0,2023-12-01,2023
202312,760,SYR,Syria,124219.0,2023-12-01,2023
202312,762,TJK,Tajikistan,843591.0,2023-12-01,2023
202312,764,THA,Thailand,45625483.0,2023-12-01,2023
202312,768,TGO,Togo,1947261.0,2023-12-01,2023
202312,780,TTO,Trinidad and Tobago,60878.0,2023-12-01,2023
202312,784,ARE,United Arab Emirates,10694054.0,2023-12-01,2023
202312,788,TUN,Tunisia,1296160.0,2023-12-01,2023
202312,792,TUR,Türkiye,54114615.0,2023-12-01,2023
202312,796,TCA,Turks and Caicos Isds,906586.0,2023-12-01,2023
202312,800,UGA,Uganda,1272271.0,2023-12-01,2023
202312,804,UKR,Ukraine,3295367.0,2023-12-01,2023
202312,807,MKD,North Macedonia,12723.0,2023-12-01,2023
202312,818,EGY,Egypt,3880372.0,2023-12-01,2023
202312,826,GBR,United Kingdom,123078329.0,2023-12-01,2023
202312,834,TZA,United Rep. of Tanzania,1430347.0,2023-12-01,2023
202312,842,USA,USA,1221759312.0,2023-12-01,2023
202312,854,BFA,Burkina Faso,508473.0,2023-12-01,2023
202312,858,URY,Uruguay,812631.0,2023-12-01,2023
202312,860,UZB,Uzbekistan,2061193.0,2023-12-01,2023
202312,862,VEN,Venezuela,309963.0,2023-12-01,2023
202312,887,YEM,Yemen,18289.0,2023-12-01,2023
202312,894,ZMB,Zambia,417778.0,2023-12-01,2023
202312,899,_X ,"Areas, nes",86157.0,2023-12-01,2023
202401,8,ALB,Albania,39032.0,2024-01-01,2024
202401,12,DZA,Algeria,164834.0,2024-01-01,2024
202401,24,AGO,Angola,186165.0,2024-01-01,2024
202401,32,ARG,Argentina,1575128.0,2024-01-01,2024
202401,36,AUS,Australia,57321309.0,2024-01-01,2024
202401,40,AUT,Austria,3853900.0,2024-01-01,2024
202401,44,BHS,Bahamas,14930.0,2024-01-01,2024
202401,48,BHR,Bahrain,16659.0,2024-01-01,2024
202401,50,BGD,Bangladesh,11414162.0,2024-01-01,2024
202401,52,BRB,Barbados,162386.0,2024-01-01,2024
202401,56,BEL,Belgium,112904204.0,2024-01-01,2024
202401,68,BOL,Bolivia (Plurinational State of),373681.0,2024-01-01,2024
202401,70,BIH,Bosnia Herzegovina,12370.0,2024-01-01,2024
202401,72,BWA,Botswana,20689.0,2024-01-01,2024
202401,76,BRA,Brazil,41795457.0,2024-01-01,2024
202401,84,BLZ,Belize,396.0,2024-01-01,2024
202401,90,SLB,Solomon Isds,448.0,2024-01-01,2024
202401,96,BRN,Brunei Darussalam,76886.0,2024-01-01,2024
202401,100,BGR,Bulgaria,7449787.0,2024-01-01,2024
202401,104,MMR,Myanmar,6140482.0,2024-01-01,2024
202401,112,BLR,Belarus,214364.0,2024-01-01,2024
202401,116,KHM,Cambodia,612030.0,2024-01-01,2024
202401,120,CMR,Cameroon,636484.0,2024-01-01,2024
202401,124,CAN,Canada,78222526.0,2024-01-01,2024
202401,136,CYM,Cayman Isds,574223.0,2024-01-01,2024
202401,140,CAF,Central African Rep.,520394.0,2024-01-01,2024
202401,144,LKA,Sri Lanka,1166938.0,2024-01-01,2024
202401,148,TCD,Chad,592261.0,2024-01-01,2024
202401,152,CHL,Chile,10106795.0,2024-01-01,2024
202401,170,COL,Colombia,2309117.0,2024-01-01,2024
202401,178,COG,Congo,9584.0,2024-01-01,2024
202401,180,COD,Dem. Rep. of the Congo,2857142.0,2024-01-01,2024
202401,188,CRI,Costa Rica,521012.0,2024-01-01,2024
202401,191,HRV,Croatia,707242.0,2024-01-01,2024
202401,196,CYP,Cyprus,289370.0,2024-01-01,2024
202401,203,CZE,Czechia,29320106.0,2024-01-01,2024
202401,204,BEN,Benin,35282.0,2024-01-01,2024
202401,208,DNK,Denmark,12987719.0,2024-01-01,2024
202401,212,DMA,Dominica,4925.0,2024-01-01,2024
202401,214,DOM,Dominican Rep.,719650.0,2024-01-01,2024
202401,218,ECU,Ecuador,299762.0,2024-01-01,2024
202401,222,SLV,El Salvador,140315.0,2024-01-01,2024
202401,231,ETH,Ethiopia,5790168.0,2024-01-01,2024
202401,233,EST,Estonia,1047845.0,2024-01-01,2024
202401,242,FJI,Fiji,9588.0,2024-01-01,2024
202401,246,FIN,Finland,92597510.0,2024-01-01,2024
202401,251,FRA,France,60445436.0,2024-01-01,2024
202401,258,PYF,French Polynesia,14800.0,2024-01-01,2024
202401,262,DJI,Djibouti,228301.0,2024-01-01,2024
202401,266,GAB,Gabon,5847.0,2024-01-01,2024
202401,270,GMB,Gambia,400547.0,2024-01-01,2024
202401,276,DEU,Germany,849220056.0,2024-01-01,2024
202401,288,GHA,Ghana,795361.0,2024-01-01,2024
202401,296,KIR,Kiribati,47288.0,2024-01-01,2024
202401,300,GRC,Greece,4390137.0,2024-01-01,2024
202401,320,GTM,Guatemala,719596.0,2024-01-01,2024
202401,324,GIN,Guinea,476588.0,2024-01-01,2024
202401,328,GUY,Guyana,18654.0,2024-01-01,2024
202401,332,HTI,Haiti,1724205.0,2024-01-01,2024
202401,340,HND,Honduras,908337.0,2024-01-01,2024
202401,344,HKG,"China, Hong Kong SAR",99178249.0,2024-01-01,2024
202401,348,HUN,Hungary,35264479.0,2024-01-01,2024
202401,352,ISL,Iceland,108308.0,2024-01-01,2024
202401,360,IDN,Indonesia,40899794.0,2024-01-01,2024
202401,364,IRN,Iran,7827885.0,2024-01-01,2024
202401,368,IRQ,Iraq,528927.0,2024-01-01,2024
202401,372,IRL,Ireland,3838910.0,2024-01-01,2024
202401,376,ISR,Israel,18486651.0,2024-01-01,2024
202401,380,ITA,Italy,256546584.0,2024-01-01,2024
202401,384,CIV,Côte d'Ivoire,414801.0,2024-01-01,2024
202401,388,JAM,Jamaica,772070.0,2024-01-01,2024
202401,392,JPN,Japan,220029399.0,2024-01-01,2024
202401,398,KAZ,Kazakhstan,1088356.0,2024-01-01,2024
202401,400,JOR,Jordan,437682.0,2024-01-01,2024
202401,404,KEN,Kenya,2947261.0,2024-01-01,2024
202401,410,KOR,Rep. of Korea,347207452.0,2024-01-01,2024
202401,414,KWT,Kuwait,429831.0,2024-01-01,2024
202401,417,KGZ,Kyrgyzstan,141684.0,2024-01-01,2024
202401,418,LAO,Lao People's Dem. Rep.,40605.0,2024-01-01,2024
202401,422,LBN,Lebanon,4616148.0,2024-01-01,2024
202401,428,LVA,Latvia,112581.0,2024-01-01,2024
202401,430,LBR,Liberia,24012.0,2024-01-01,2024
202401,434,LBY,Libya,48221.0,2024-01-01,2024
202401,440,LTU,Lithuania,2327708.0,2024-01-01,2024
202401,442,LUX,Luxembourg,40768.0,2024-01-01,2024
202401,446,MAC,"China, Macao SAR",7434.0,2024-01-01,2024
202401,450,MDG,Madagascar,1560620.0,2024-01-01,2024
202401,454,MWI,Malawi,133932.0,2024-01-01,2024
202401,458,MYS,Malaysia,34609187.0,2024-01-01,2024
202401,462,MDV,Maldives,95756.0,2024-01-01,2024
202401,466,MLI,Mali,2363843.0,2024-01-01,2024
202401,470,MLT,Malta,21019.0,2024-01-01,2024
202401,478,MRT,Mauritania,283638.0,2024-01-01,2024
202401,480,MUS,Mauritius,1614536.0,2024-01-01,2024
202401,484,MEX,Mexico,57547674.0,2024-01-01,2024
202401,490,S19,"Other Asia, nes",61177673.0,2024-01-01,2024
202401,496,MNG,Mongolia,177132.0,2024-01-01,2024
202401,498,MDA,Rep. of Moldova,714.0,2024-01-01,2024
202401,504,MAR,Morocco,7341027.0,2024-01-01,2024
202401,508,MOZ,Mozambique,1029327.0,2024-01-01,2024
202401,512,OMN,Oman,50974.0,2024-01-01,2024
202401,516,NAM,Namibia,14557.0,2024-01-01,2024
202401,524,NPL,Nepal,358169.0,2024-01-01,2024
202401,527,O19,"Oceania, nes",11669.0,2024-01-01,2024
202401,528,NLD,Netherlands,189213989.0,2024-01-01,2024
202401,531,CUW,Curaçao,19582.0,2024-01-01,2024
202401,540,NCL,New Caledonia,60112.0,2024-01-01,2024
202401,548,VUT,Vanuatu,33310.0,2024-01-01,2024
202401,554,NZL,New Zealand,24169397.0,2024-01-01,2024
202401,558,NIC,Nicaragua,422948.0,2024-01-01,2024
202401,566,NGA,Nigeria,11648933.0,2024-01-01,2024
202401,579,NOR,Norway,1572132.0,2024-01-01,2024
202401,586,PAK,Pakistan,10523931.0,2024-01-01,2024
202401,591,PAN,Panama,2447430.0,2024-01-01,2024
202401,598,PNG,Papua New Guinea,45878.0,2024-01-01,2024
202401,600,PRY,Paraguay,443136.0,2024-01-01,2024
202401,604,PER,Peru,1858437.0,2024-01-01,2024
202401,608,PHL,Philippines,8245485.0,2024-01-01,2024
202401,616,POL,Poland,64454403.0,2024-01-01,2024
202401,620,PRT,Portugal,2304499.0,2024-01-01,2024
202401,624,GNB,Guinea-Bissau,104032.0,2024-01-01,2024
202401,626,TLS,Timor-Leste,304.0,2024-01-01,2024
202401,634,QAT,Qatar,452691.0,2024-01-01,2024
202401,636,A79,"Rest of America, nes",29521.0,2024-01-01,2024
202401,642,ROU,Romania,6088145.0,2024-01-01,2024
202401,643,RUS,Russian Federation,46064675.0,2024-01-01,2024
202401,646,RWA,Rwanda,35841.0,2024-01-01,2024
202401,662,LCA,Saint Lucia,5601.0,2024-01-01,2024
202401,682,SAU,Saudi Arabia,9037826.0,2024-01-01,2024
202401,686,SEN,Senegal,905800.0,2024-01-01,2024
202401,688,SRB,Serbia,138997.0,2024-01-01,2024
202401,690,SYC,Seychelles,441.0,2024-01-01,2024
202401,694,SLE,Sierra Leone,168673.0,2024-01-01,2024
202401,699,IND,India,180410580.0,2024-01-01,2024
202401,702,SGP,Singapore,13306257.0,2024-01-01,2024
202401,703,SVK,Slovakia,13947792.0,2024-01-01,2024
202401,704,VNM,Viet Nam,313118809.0,2024-01-01,2024
202401,705,SVN,Slovenia,14253445.0,2024-01-01,2024
202401,706,SOM,Somalia,39942.0,2024-01-01,2024
202401,710,ZAF,South Africa,41671546.0,2024-01-01,2024
202401,716,ZWE,Zimbabwe,1835674.0,2024-01-01,2024
202401,724,ESP,Spain,118637723.0,2024-01-01,2024
202401,728,SSD,South Sudan,20769.0,2024-01-01,2024
202401,740,SUR,Suriname,1897.0,2024-01-01,2024
202401,752,SWE,Sweden,16541170.0,2024-01-01,2024
202401,757,CHE,Switzerland,3772501.0,2024-01-01,2024
202401,760,SYR,Syria,363009.0,2024-01-01,2024
202401,762,TJK,Tajikistan,10222.0,2024-01-01,2024
202401,764,THA,Thailand,35668130.0,2024-01-01,2024
202401,768,TGO,Togo,493939.0,2024-01-01,2024
202401,780,TTO,Trinidad and Tobago,28765.0,2024-01-01,2024
202401,784,ARE,United Arab Emirates,20984858.0,2024-01-01,2024
202401,788,TUN,Tunisia,50194.0,2024-01-01,2024
202401,792,TUR,Türkiye,51193002.0,2024-01-01,2024
202401,795,TKM,Turkmenistan,80.0,2024-01-01,2024
202401,800,UGA,Uganda,168636.0,2024-01-01,2024
202401,804,UKR,Ukraine,7375120.0,2024-01-01,2024
202401,818,EGY,Egypt,2273576.0,2024-01-01,2024
202401,826,GBR,United Kingdom,77873799.0,2024-01-01,2024
202401,834,TZA,United Rep. of Tanzania,2570635.0,2024-01-01,2024
202401,842,USA,USA,1097557592.0,2024-01-01,2024
202401,854,BFA,Burkina Faso,997092.0,2024-01-01,2024
202401,858,URY,Uruguay,1218100.0,2024-01-01,2024
202401,860,UZB,Uzbekistan,1034925.0,2024-01-01,2024
202401,862,VEN,Venezuela,109014.0,2024-01-01,2024
202401,887,YEM,Yemen,284411.0,2024-01-01,2024
202401,894,ZMB,Zambia,301875.0,2024-01-01,2024
202401,899,_X ,"Areas, nes",94646.0,2024-01-01,2024
202402,4,AFG,Afghanistan,166201.0,2024-02-01,2024
202402,8,ALB,Albania,209638.0,2024-02-01,2024
202402,12,DZA,Algeria,1716264.0,2024-02-01,2024
202402,20,AND,Andorra,39.0,2024-02-01,2024
202402,24,AGO,Angola,59182.0,2024-02-01,2024
202402,32,ARG,Argentina,670384.0,2024-02-01,2024
202402,36,AUS,Australia,38689493.0,2024-02-01,2024
202402,40,AUT,Austria,3838390.0,2024-02-01,2024
202402,44,BHS,Bahamas,4142.0,2024-02-01,2024
202402,48,BHR,Bahrain,41214.0,2024-02-01,2024
202402,50,BGD,Bangladesh,4338647.0,2024-02-01,2024
202402,52,BRB,Barbados,5580.0,2024-02-01,2024
202402,56,BEL,Belgium,39822996.0,2024-02-01,2024
202402,68,BOL,Bolivia (Plurinational State of),211518.0,2024-02-01,2024
202402,70,BIH,Bosnia Herzegovina,434959.0,2024-02-01,2024
202402,72,BWA,Botswana,123080.0,2024-02-01,2024
202402,76,BRA,Brazil,32992679.0,2024-02-01,2024
202402,84,BLZ,Belize,12823.0,2024-02-01,2024
202402,96,BRN,Brunei Darussalam,6205.0,2024-02-01,2024
202402,100,BGR,Bulgaria,1213723.0,2024-02-01,2024
202402,104,MMR,Myanmar,7864424.0,2024-02-01,2024
202402,108,BDI,Burundi,510.0,2024-02-01,2024
202402,112,BLR,Belarus,545279.0,2024-02-01,2024
202402,116,KHM,Cambodia,344104.0,2024-02-01,2024
202402,120,CMR,Cameroon,300814.0,2024-02-01,2024
202402,124,CAN,Canada,31711962.0,2024-02-01,2024
202402,136,CYM,Cayman Isds,2628.0,2024-02-01,2024
202402,140,CAF,Central African Rep.,776433.0,2024-02-01,2024
202402,144,LKA,Sri Lanka,102669.0,2024-02-01,2024
202402,148,TCD,Chad,339676.0,2024-02-01,2024
202402,152,CHL,Chile,16032826.0,2024-02-01,2024
202402,170,COL,Colombia,2387456.0,2024-02-01,2024
202402,174,COM,Comoros,631.0,2024-02-01,2024
202402,178,COG,Congo,185510.0,2024-02-01,2024
202402,180,COD,Dem. Rep. of the Congo,576939.0,2024-02-01,2024
202402,188,CRI,Costa Rica,98274.0,2024-02-01,2024
202402,191,HRV,Croatia,1160912.0,2024-02-01,2024
202402,192,CUB,Cuba,112153.0,2024-02-01,2024
202402,196,CYP,Cyprus,96131.0,2024-02-01,2024
202402,203,CZE,Czechia,22908709.0,2024-02-01,2024
202402,204,BEN,Benin,99394.0,2024-02-01,2024
202402,208,DNK,Denmark,2420268.0,2024-02-01,2024
202402,214,DOM,Dominican Rep.,309646.0,2024-02-01,2024
202402,218,ECU,Ecuador,641437.0,2024-02-01,2024
202402,222,SLV,El Salvador,595223.0,2024-02-01,2024
202402,226,GNQ,Equatorial Guinea,4962.0,2024-02-01,2024
202402,231,ETH,Ethiopia,149227.0,2024-02-01,2024
202402,232,ERI,Eritrea,160.0,2024-02-01,2024
202402,233,EST,Estonia,566910.0,2024-02-01,2024
202402,242,FJI,Fiji,883085.0,2024-02-01,2024
202402,246,FIN,Finland,45591262.0,2024-02-01,2024
202402,251,FRA,France,33951592.0,2024-02-01,2024
202402,258,PYF,French Polynesia,10296.0,2024-02-01,2024
202402,262,DJI,Djibouti,9165.0,2024-02-01,2024
202402,266,GAB,Gabon,310.0,2024-02-01,2024
202402,275,PSE,State of Palestine,26251.0,2024-02-01,2024
202402,276,DEU,Germany,842314580.0,2024-02-01,2024
202402,288,GHA,Ghana,666147.0,2024-02-01,2024
202402,300,GRC,Greece,2125895.0,2024-02-01,2024
202402,308,GRD,Grenada,122569.0,2024-02-01,2024
202402,320,GTM,Guatemala,283452.0,2024-02-01,2024
202402,324,GIN,Guinea,152658.0,2024-02-01,2024
202402,328,GUY,Guyana,58929.0,2024-02-01,2024
202402,332,HTI,Haiti,618509.0,2024-02-01,2024
202402,340,HND,Honduras,779799.0,2024-02-01,2024
202402,344,HKG,"China, Hong Kong SAR",56461448.0,2024-02-01,2024
202402,348,HUN,Hungary,57768817.0,2024-02-01,2024
202402,360,IDN,Indonesia,38075712.0,2024-02-01,2024
202402,364,IRN,Iran,16884.0,2024-02-01,2024
202402,368,IRQ,Iraq,526280.0,2024-02-01,2024
202402,372,IRL,Ireland,1449731.0,2024-02-01,2024
202402,376,ISR,Israel,29029698.0,2024-02-01,2024
202402,380,ITA,Italy,89730825.0,2024-02-01,2024
202402,384,CIV,Côte d'Ivoire,148238.0,2024-02-01,2024
202402,388,JAM,Jamaica,369436.0,2024-02-01,2024
202402,392,JPN,Japan,143562309.0,2024-02-01,2024
202402,398,KAZ,Kazakhstan,866907.0,2024-02-01,2024
202402,400,JOR,Jordan,544321.0,2024-02-01,2024
202402,404,KEN,Kenya,2269636.0,2024-02-01,2024
202402,410,KOR,Rep. of Korea,286315291.0,2024-02-01,2024
202402,414,KWT,Kuwait,248665.0,2024-02-01,2024
202402,417,KGZ,Kyrgyzstan,241325.0,2024-02-01,2024
202402,422,LBN,Lebanon,2337702.0,2024-02-01,2024
202402,428,LVA,Latvia,71059.0,2024-02-01,2024
202402,430,LBR,Liberia,471503.0,2024-02-01,2024
202402,434,LBY,Libya,153241.0,2024-02-01,2024
202402,440,LTU,Lithuania,627296.0,2024-02-01,2024
202402,442,LUX,Luxembourg,682.0,2024-02-01,2024
202402,446,MAC,"China, Macao SAR",18454.0,2024-02-01,2024
202402,450,MDG,Madagascar,810004.0,2024-02-01,2024
202402,454,MWI,Malawi,172465.0,2024-02-01,2024
202402,458,MYS,Malaysia,18382889.0,2024-02-01,2024
202402,462,MDV,Maldives,25344.0,2024-02-01,2024
202402,466,MLI,Mali,2080447.0,2024-02-01,2024
202402,470,MLT,Malta,392.0,2024-02-01,2024
202402,478,MRT,Mauritania,2561967.0,2024-02-01,2024
202402,480,MUS,Mauritius,41285.0,2024-02-01,2024
202402,484,MEX,Mexico,36844313.0,2024-02-01,2024
202402,490,S19,"Other Asia, nes",26578371.0,2024-02-01,2024
202402,496,MNG,Mongolia,363.0,2024-02-01,2024
202402,498,MDA,Rep. of Moldova,87693.0,2024-02-01,2024
202402,499,MNE,Montenegro,158.0,2024-02-01,2024
202402,504,MAR,Morocco,2765503.0,2024-02-01,2024
202402,508,MOZ,Mozambique,1083988.0,2024-02-01,2024
202402,512,OMN,Oman,602276.0,2024-02-01,2024
202402,516,NAM,Namibia,5324.0,2024-02-01,2024
202402,524,NPL,Nepal,161639.0,2024-02-01,2024
202402,527,O19,"Oceania, nes",10814.0,2024-02-01,2024
202402,528,NLD,Netherlands,179147872.0,2024-02-01,2024
202402,531,CUW,Curaçao,166659.0,2024-02-01,2024
202402,533,ABW,Aruba,9226.0,2024-02-01,2024
202402,540,NCL,New Caledonia,7109.0,2024-02-01,2024
202402,548,VUT,Vanuatu,3041.0,2024-02-01,2024
202402,554,NZL,New Zealand,6241369.0,2024-02-01,2024
202402,558,NIC,Nicaragua,63509.0,2024-02-01,2024
202402,566,NGA,Nigeria,8825711.0,2024-02-01,2024
202402,579,NOR,Norway,2300998.0,2024-02-01,2024
202402,586,PAK,Pakistan,11950482.0,2024-02-01,2024
202402,591,PAN,Panama,5448891.0,2024-02-01,2024
202402,598,PNG,Papua New Guinea,3523.0,2024-02-01,2024
202402,600,PRY,Paraguay,66172.0,2024-02-01,2024
202402,604,PER,Peru,2703625.0,2024-02-01,2024
202402,608,PHL,Philippines,3733369.0,2024-02-01,2024
202402,616,POL,Poland,30379524.0,2024-02-01,2024
202402,620,PRT,Portugal,6850430.0,2024-02-01,2024
202402,626,TLS,Timor-Leste,3814.0,2024-02-01,2024
202402,634,QAT,Qatar,117205.0,2024-02-01,2024
202402,636,A79,"Rest of America, nes",10188.0,2024-02-01,2024
202402,642,ROU,Romania,5233646.0,2024-02-01,2024
202402,643,RUS,Russian Federation,20619065.0,2024-02-01,2024
202402,646,RWA,Rwanda,43570.0,2024-02-01,2024
202402,682,SAU,Saudi Arabia,4673949.0,2024-02-01,2024
202402,686,SEN,Senegal,545301.0,2024-02-01,2024
202402,688,SRB,Serbia,85138.0,2024-02-01,2024
202402,694,SLE,Sierra Leone,195456.0,2024-02-01,2024
202402,699,IND,India,137229633.0,2024-02-01,2024
202402,702,SGP,Singapore,8703525.0,2024-02-01,2024
202402,703,SVK,Slovakia,31190211.0,2024-02-01,2024
202402,704,VNM,Viet Nam,175097080.0,2024-02-01,2024
202402,705,SVN,Slovenia,17924956.0,2024-02-01,2024
202402,706,SOM,Somalia,96381.0,2024-02-01,2024
202402,710,ZAF,South Africa,20351244.0,2024-02-01,2024
202402,716,ZWE,Zimbabwe,1205964.0,2024-02-01,2024
202402,724,ESP,Spain,72029038.0,2024-02-01,2024
202402,740,SUR,Suriname,111.0,2024-02-01,2024
202402,748,SWZ,Eswatini,93000.0,2024-02-01,2024
202402,752,SWE,Sweden,6689267.0,2024-02-01,2024
202402,757,CHE,Switzerland,836301.0,2024-02-01,2024
202402,760,SYR,Syria,15944.0,2024-02-01,2024
202402,764,THA,Thailand,33023637.0,2024-02-01,2024
202402,768,TGO,Togo,31536.0,2024-02-01,2024
202402,780,TTO,Trinidad and Tobago,16761.0,2024-02-01,2024
202402,784,ARE,United Arab Emirates,17517964.0,2024-02-01,2024
202402,788,TUN,Tunisia,53964.0,2024-02-01,2024
202402,792,TUR,Türkiye,14455124.0,2024-02-01,2024
202402,800,UGA,Uganda,708598.0,2024-02-01,2024
202402,804,UKR,Ukraine,3918837.0,2024-02-01,2024
202402,807,MKD,North Macedonia,32219.0,2024-02-01,2024
202402,818,EGY,Egypt,2751361.0,2024-02-01,2024
202402,826,GBR,United Kingdom,108576045.0,2024-02-01,2024
202402,834,TZA,United Rep. of Tanzania,248913.0,2024-02-01,2024
202402,842,USA,USA,815675712.0,2024-02-01,2024
202402,854,BFA,Burkina Faso,2867950.0,2024-02-01,2024
202402,858,URY,Uruguay,675232.0,2024-02-01,2024
202402,860,UZB,Uzbekistan,844274.0,2024-02-01,2024
202402,862,VEN,Venezuela,354084.0,2024-02-01,2024
202402,882,WSM,Samoa,50305.0,2024-02-01,2024
202402,887,YEM,Yemen,624668.0,2024-02-01,2024
202402,899,_X ,"Areas, nes",64270.0,2024-02-01,2024
202403,4,AFG,Afghanistan,10024.0,2024-03-01,2024
202403,8,ALB,Albania,123298.0,2024-03-01,2024
202403,12,DZA,Algeria,518288.0,2024-03-01,2024
202403,24,AGO,Angola,83988.0,2024-03-01,2024
202403,28,ATG,Antigua and Barbuda,48031.0,2024-03-01,2024
202403,32,ARG,Argentina,1638418.0,2024-03-01,2024
202403,36,AUS,Australia,64843202.0,2024-03-01,2024
202403,40,AUT,Austria,7075323.0,2024-03-01,2024
202403,44,BHS,Bahamas,11204.0,2024-03-01,2024
202403,48,BHR,Bahrain,11405.0,2024-03-01,2024
202403,50,BGD,Bangladesh,4443951.0,2024-03-01,2024
202403,52,BRB,Barbados,7739.0,2024-03-01,2024
202403,56,BEL,Belgium,70106793.0,2024-03-01,2024
202403,60,BMU,Bermuda,25775.0,2024-03-01,2024
202403,68,BOL,Bolivia (Plurinational State of),529125.0,2024-03-01,2024
202403,70,BIH,Bosnia Herzegovina,81468.0,2024-03-01,2024
202403,72,BWA,Botswana,158617.0,2024-03-01,2024
202403,76,BRA,Brazil,38968037.0,2024-03-01,2024
202403,84,BLZ,Belize,14738.0,2024-03-01,2024
202403,90,SLB,Solomon Isds,44745.0,2024-03-01,2024
202403,96,BRN,Brunei Darussalam,160513.0,2024-03-01,2024
202403,100,BGR,Bulgaria,2919780.0,2024-03-01,2024
202403,104,MMR,Myanmar,10019289.0,2024-03-01,2024
202403,112,BLR,Belarus,132058.0,2024-03-01,2024
202403,116,KHM,Cambodia,1481348.0,2024-03-01,2024
202403,120,CMR,Cameroon,938473.0,2024-03-01,2024
202403,124,CAN,Canada,59721210.0,2024-03-01,2024
202403,132,CPV,Cabo Verde,16767.0,2024-03-01,2024
202403,140,CAF,Central African Rep.,1032319.0,2024-03-01,2024
202403,144,LKA,Sri Lanka,768281.0,2024-03-01,2024
202403,148,TCD,Chad,1869348.0,2024-03-01,2024
202403,152,CHL,Chile,78050931.0,2024-03-01,2024
202403,170,COL,Colombia,1325413.0,2024-03-01,2024
202403,178,COG,Congo,302260.0,2024-03-01,2024
202403,180,COD,Dem. Rep. of the Congo,1826096.0,2024-03-01,2024
202403,188,CRI,Costa Rica,147015.0,2024-03-01,2024
202403,191,HRV,Croatia,752301.0,2024-03-01,2024
202403,196,CYP,Cyprus,242014.0,2024-03-01,2024
202403,203,CZE,Czechia,36869688.0,2024-03-01,2024
202403,204,BEN,Benin,1585137.0,2024-03-01,2024
202403,208,DNK,Denmark,2888570.0,2024-03-01,2024
202403,212,DMA,Dominica,1300.0,2024-03-01,2024
202403,214,DOM,Dominican Rep.,382010.0,2024-03-01,2024
202403,218,ECU,Ecuador,182763.0,2024-03-01,2024
202403,222,SLV,El Salvador,405812.0,2024-03-01,2024
202403,231,ETH,Ethiopia,1445894.0,2024-03-01,2024
202403,232,ERI,Eritrea,19800.0,2024-03-01,2024
202403,233,EST,Estonia,644708.0,2024-03-01,2024
202403,234,FRO,Faroe Isds,195548.0,2024-03-01,2024
202403,242,FJI,Fiji,2399.0,2024-03-01,2024
202403,246,FIN,Finland,55642035.0,2024-03-01,2024
202403,251,FRA,France,92253813.0,2024-03-01,2024
202403,258,PYF,French Polynesia,269448.0,2024-03-01,2024
202403,262,DJI,Djibouti,127760.0,2024-03-01,2024
202403,270,GMB,Gambia,182358.0,2024-03-01,2024
202403,276,DEU,Germany,951736937.0,2024-03-01,2024
202403,288,GHA,Ghana,856938.0,2024-03-01,2024
202403,300,GRC,Greece,3419187.0,2024-03-01,2024
202403,308,GRD,Grenada,21102.0,2024-03-01,2024
202403,320,GTM,Guatemala,105192.0,2024-03-01,2024
202403,324,GIN,Guinea,458491.0,2024-03-01,2024
202403,328,GUY,Guyana,22377.0,2024-03-01,2024
202403,332,HTI,Haiti,98900.0,2024-03-01,2024
202403,340,HND,Honduras,162919.0,2024-03-01,2024
202403,344,HKG,"China, Hong Kong SAR",90994584.0,2024-03-01,2024
202403,348,HUN,Hungary,47366573.0,2024-03-01,2024
202403,352,ISL,Iceland,12255.0,2024-03-01,2024
202403,360,IDN,Indonesia,39074598.0,2024-03-01,2024
202403,364,IRN,Iran,3019469.0,2024-03-01,2024
202403,368,IRQ,Iraq,2823487.0,2024-03-01,2024
202403,372,IRL,Ireland,1953521.0,2024-03-01,2024
202403,376,ISR,Israel,21883951.0,2024-03-01,2024
202403,380,ITA,Italy,32387094.0,2024-03-01,2024
202403,384,CIV,Côte d'Ivoire,434161.0,2024-03-01,2024
202403,388,JAM,Jamaica,1813414.0,2024-03-01,2024
202403,392,JPN,Japan,222542584.0,2024-03-01,2024
202403,398,KAZ,Kazakhstan,1317000.0,2024-03-01,2024
202403,400,JOR,Jordan,1383283.0,2024-03-01,2024
202403,404,KEN,Kenya,3295955.0,2024-03-01,2024
202403,410,KOR,Rep. of Korea,298138169.0,2024-03-01,2024
202403,414,KWT,Kuwait,482137.0,2024-03-01,2024
202403,417,KGZ,Kyrgyzstan,206766.0,2024-03-01,2024
202403,418,LAO,Lao People's Dem. Rep.,71891.0,2024-03-01,2024
202403,422,LBN,Lebanon,2314918.0,2024-03-01,2024
202403,428,LVA,Latvia,409045.0,2024-03-01,2024
202403,430,LBR,Liberia,2534.0,2024-03-01,2024
202403,434,LBY,Libya,36053.0,2024-03-01,2024
202403,440,LTU,Lithuania,826345.0,2024-03-01,2024
202403,442,LUX,Luxembourg,59376.0,2024-03-01,2024
202403,446,MAC,"China, Macao SAR",23719.0,2024-03-01,2024
202403,450,MDG,Madagascar,5669238.0,2024-03-01,2024
202403,454,MWI,Malawi,234444.0,2024-03-01,2024
202403,458,MYS,Malaysia,24092277.0,2024-03-01,2024
202403,462,MDV,Maldives,123650.0,2024-03-01,2024
202403,466,MLI,Mali,1951794.0,2024-03-01,2024
202403,470,MLT,Malta,17707.0,2024-03-01,2024
202403,478,MRT,Mauritania,279538.0,2024-03-01,2024
202403,480,MUS,Mauritius,92991.0,2024-03-01,2024
202403,484,MEX,Mexico,41620295.0,2024-03-01,2024
202403,490,S19,"Other Asia, nes",48150892.0,2024-03-01,2024
202403,496,MNG,Mongolia,624784.0,2024-03-01,2024
202403,504,MAR,Morocco,3768538.0,2024-03-01,2024
202403,508,MOZ,Mozambique,828086.0,2024-03-01,2024
202403,512,OMN,Oman,111486.0,2024-03-01,2024
202403,516,NAM,Namibia,37403.0,2024-03-01,2024
202403,520,NRU,Nauru,96795.0,2024-03-01,2024
202403,524,NPL,Nepal,213108.0,2024-03-01,2024
202403,527,O19,"Oceania, nes",32000.0,2024-03-01,2024
202403,528,NLD,Netherlands,151581205.0,2024-03-01,2024
202403,531,CUW,Curaçao,13565.0,2024-03-01,2024
202403,540,NCL,New Caledonia,41799.0,2024-03-01,2024
202403,548,VUT,Vanuatu,3394.0,2024-03-01,2024
202403,554,NZL,New Zealand,22066451.0,2024-03-01,2024
202403,558,NIC,Nicaragua,319977.0,2024-03-01,2024
202403,562,NER,Niger,132048.0,2024-03-01,2024
202403,566,NGA,Nigeria,12809543.0,2024-03-01,2024
202403,568,E19,"Other Europe, nes",92.0,2024-03-01,2024
202403,579,NOR,Norway,3763247.0,2024-03-01,2024
202403,586,PAK,Pakistan,12676704.0,2024-03-01,2024
202403,591,PAN,Panama,6896530.0,2024-03-01,2024
202403,598,PNG,Papua New Guinea,58316.0,2024-03-01,2024
202403,600,PRY,Paraguay,340412.0,2024-03-01,2024
202403,604,PER,Peru,2080155.0,2024-03-01,2024
202403,608,PHL,Philippines,6859495.0,2024-03-01,2024
202403,616,POL,Poland,55820253.0,2024-03-01,2024
202403,620,PRT,Portugal,2238776.0,2024-03-01,2024
202403,624,GNB,Guinea-Bissau,6535.0,2024-03-01,2024
202403,626,TLS,Timor-Leste,24728.0,2024-03-01,2024
202403,634,QAT,Qatar,309411.0,2024-03-01,2024
202403,636,A79,"Rest of America, nes",125733.0,2024-03-01,2024
202403,642,ROU,Romania,16678725.0,2024-03-01,2024
202403,643,RUS,Russian Federation,12890668.0,2024-03-01,2024
202403,646,RWA,Rwanda,307177.0,2024-03-01,2024
202403,662,LCA,Saint Lucia,2500.0,2024-03-01,2024
202403,682,SAU,Saudi Arabia,5348592.0,2024-03-01,2024
202403,686,SEN,Senegal,1107307.0,2024-03-01,2024
202403,688,SRB,Serbia,1826609.0,2024-03-01,2024
202403,690,SYC,Seychelles,5992.0,2024-03-01,2024
202403,694,SLE,Sierra Leone,1535642.0,2024-03-01,2024
202403,699,IND,India,141722460.0,2024-03-01,2024
202403,702,SGP,Singapore,20240584.0,2024-03-01,2024
202403,703,SVK,Slovakia,14758376.0,2024-03-01,2024
202403,704,VNM,Viet Nam,277873393.0,2024-03-01,2024
202403,705,SVN,Slovenia,21005722.0,2024-03-01,2024
202403,706,SOM,Somalia,1182570.0,2024-03-01,2024
202403,710,ZAF,South Africa,27492512.0,2024-03-01,2024
202403,716,ZWE,Zimbabwe,1582483.0,2024-03-01,2024
202403,724,ESP,Spain,46135343.0,2024-03-01,2024
202403,728,SSD,South Sudan,37106.0,2024-03-01,2024
202403,740,SUR,Suriname,67252.0,2024-03-01,2024
202403,752,SWE,Sweden,7030009.0,2024-03-01,2024
202403,757,CHE,Switzerland,3779161.0,2024-03-01,2024
202403,760,SYR,Syria,701799.0,2024-03-01,2024
202403,762,TJK,Tajikistan,456814.0,2024-03-01,2024
202403,764,THA,Thailand,32869992.0,2024-03-01,2024
202403,768,TGO,Togo,247460.0,2024-03-01,2024
202403,780,TTO,Trinidad and Tobago,7768.0,2024-03-01,2024
202403,784,ARE,United Arab Emirates,16768900.0,2024-03-01,2024
202403,788,TUN,Tunisia,120868.0,2024-03-01,2024
202403,792,TUR,Türkiye,14701654.0,2024-03-01,2024
202403,796,TCA,Turks and Caicos Isds,3282.0,2024-03-01,2024
202403,800,UGA,Uganda,2366832.0,2024-03-01,2024
202403,804,UKR,Ukraine,6786024.0,2024-03-01,2024
202403,807,MKD,North Macedonia,285878.0,2024-03-01,2024
202403,818,EGY,Egypt,2761567.0,2024-03-01,2024
202403,826,GBR,United Kingdom,107814954.0,2024-03-01,2024
202403,834,TZA,United Rep. of Tanzania,1486488.0,2024-03-01,2024
202403,842,USA,USA,999254985.0,2024-03-01,2024
202403,854,BFA,Burkina Faso,420740.0,2024-03-01,2024
202403,858,URY,Uruguay,799543.0,2024-03-01,2024
202403,860,UZB,Uzbekistan,1020391.0,2024-03-01,2024
202403,862,VEN,Venezuela,526861.0,2024-03-01,2024
202403,887,YEM,Yemen,474498.0,2024-03-01,2024
202403,894,ZMB,Zambia,143698.0,2024-03-01,2024
202403,899,_X ,"Areas, nes",307283.0,2024-03-01,2024
202404,4,AFG,Afghanistan,445303.0,2024-04-01,2024
202404,8,ALB,Albania,23179.0,2024-04-01,2024
202404,12,DZA,Algeria,133527.0,2024-04-01,2024
202404,24,AGO,Angola,9869.0,2024-04-01,2024
202404,28,ATG,Antigua and Barbuda,27770.0,2024-04-01,2024
202404,32,ARG,Argentina,1198660.0,2024-04-01,2024
202404,36,AUS,Australia,89082488.0,2024-04-01,2024
202404,40,AUT,Austria,4380970.0,2024-04-01,2024
202404,44,BHS,Bahamas,174526.0,2024-04-01,2024
202404,48,BHR,Bahrain,11238.0,2024-04-01,2024
202404,50,BGD,Bangladesh,5763800.0,2024-04-01,2024
202404,52,BRB,Barbados,142188.0,2024-04-01,2024
202404,56,BEL,Belgium,44126468.0,2024-04-01,2024
202404,64,BTN,Bhutan,1544.0,2024-04-01,2024
202404,68,BOL,Bolivia (Plurinational State of),62666.0,2024-04-01,2024
202404,70,BIH,Bosnia Herzegovina,76649.0,2024-04-01,2024
202404,72,BWA,Botswana,32248.0,2024-04-01,2024
202404,76,BRA,Brazil,30687620.0,2024-04-01,2024
202404,84,BLZ,Belize,33885.0,2024-04-01,2024
202404,90,SLB,Solomon Isds,577.0,2024-04-01,2024
202404,96,BRN,Brunei Darussalam,13549.0,2024-04-01,2024
202404,100,BGR,Bulgaria,2023411.0,2024-04-01,2024
202404,104,MMR,Myanmar,9783188.0,2024-04-01,2024
202404,108,BDI,Burundi,62407.0,2024-04-01,2024
202404,112,BLR,Belarus,194622.0,2024-04-01,2024
202404,116,KHM,Cambodia,872705.0,2024-04-01,2024
202404,120,CMR,Cameroon,247912.0,2024-04-01,2024
202404,124,CAN,Canada,72002557.0,2024-04-01,2024
202404,132,CPV,Cabo Verde,2979.0,2024-04-01,2024
202404,140,CAF,Central African Rep.,213077.0,2024-04-01,2024
202404,144,LKA,Sri Lanka,1158436.0,2024-04-01,2024
202404,148,TCD,Chad,875106.0,2024-04-01,2024
202404,152,CHL,Chile,18698788.0,2024-04-01,2024
202404,170,COL,Colombia,2484716.0,2024-04-01,2024
202404,174,COM,Comoros,1363353.0,2024-04-01,2024
202404,178,COG,Congo,27947.0,2024-04-01,2024
202404,180,COD,Dem. Rep. of the Congo,653795.0,2024-04-01,2024
202404,188,CRI,Costa Rica,122015.0,2024-04-01,2024
202404,191,HRV,Croatia,976269.0,2024-04-01,2024
202404,192,CUB,Cuba,27470.0,2024-04-01,2024
202404,196,CYP,Cyprus,91435.0,2024-04-01,2024
202404,203,CZE,Czechia,28790013.0,2024-04-01,2024
202404,204,BEN,Benin,730761.0,2024-04-01,2024
202404,208,DNK,Denmark,5549193.0,2024-04-01,2024
202404,212,DMA,Dominica,1516.0,2024-04-01,2024
202404,214,DOM,Dominican Rep.,1438419.0,2024-04-01,2024
202404,218,ECU,Ecuador,233277.0,2024-04-01,2024
202404,222,SLV,El Salvador,61788.0,2024-04-01,2024
202404,231,ETH,Ethiopia,1234083.0,2024-04-01,2024
202404,232,ERI,Eritrea,21510.0,2024-04-01,2024
202404,233,EST,Estonia,755969.0,2024-04-01,2024
202404,242,FJI,Fiji,22706.0,2024-04-01,2024
202404,246,FIN,Finland,50901789.0,2024-04-01,2024
202404,251,FRA,France,65003080.0,2024-04-01,2024
202404,258,PYF,French Polynesia,33620.0,2024-04-01,2024
202404,262,DJI,Djibouti,947559.0,2024-04-01,2024
202404,266,GAB,Gabon,148537.0,2024-04-01,2024
202404,275,PSE,State of Palestine,12953.0,2024-04-01,2024
202404,276,DEU,Germany,738731776.0,2024-04-01,2024
202404,288,GHA,Ghana,657255.0,2024-04-01,2024
202404,300,GRC,Greece,2312061.0,2024-04-01,2024
202404,308,GRD,Grenada,41741.0,2024-04-01,2024
202404,320,GTM,Guatemala,84539.0,2024-04-01,2024
202404,324,GIN,Guinea,633757.0,2024-04-01,2024
202404,328,GUY,Guyana,2580036.0,2024-04-01,2024
202404,340,HND,Honduras,88510.0,2024-04-01,2024
202404,344,HKG,"China, Hong Kong SAR",96336435.0,2024-04-01,2024
202404,348,HUN,Hungary,49471302.0,2024-04-01,2024
202404,352,ISL,Iceland,153388.0,2024-04-01,2024
202404,360,IDN,Indonesia,25911108.0,2024-04-01,2024
202404,364,IRN,Iran,2266845.0,2024-04-01,2024
202404,368,IRQ,Iraq,1617745.0,2024-04-01,2024
202404,372,IRL,Ireland,2754509.0,2024-04-01,2024
202404,376,ISR,Israel,20939554.0,2024-04-01,2024
202404,380,ITA,Italy,32582846.0,2024-04-01,2024
202404,384,CIV,Côte d'Ivoire,1134999.0,2024-04-01,2024
202404,388,JAM,Jamaica,475734.0,2024-04-01,2024
202404,392,JPN,Japan,205360824.0,2024-04-01,2024
202404,398,KAZ,Kazakhstan,2446600.0,2024-04-01,2024
202404,400,JOR,Jordan,2297653.0,2024-04-01,2024
202404,404,KEN,Kenya,4180040.0,2024-04-01,2024
202404,410,KOR,Rep. of Korea,243564260.0,2024-04-01,2024
202404,414,KWT,Kuwait,399378.0,2024-04-01,2024
202404,417,KGZ,Kyrgyzstan,17806.0,2024-04-01,2024
202404,418,LAO,Lao People's Dem. Rep.,695.0,2024-04-01,2024
202404,422,LBN,Lebanon,4437242.0,2024-04-01,2024
202404,428,LVA,Latvia,194909.0,2024-04-01,2024
202404,430,LBR,Liberia,20123.0,2024-04-01,2024
202404,434,LBY,Libya,824410.0,2024-04-01,2024
202404,440,LTU,Lithuania,835516.0,2024-04-01,2024
202404,442,LUX,Luxembourg,115120.0,2024-04-01,2024
202404,446,MAC,"China, Macao SAR",159742.0,2024-04-01,2024
202404,450,MDG,Madagascar,2809890.0,2024-04-01,2024
202404,454,MWI,Malawi,48540.0,2024-04-01,2024
202404,458,MYS,Malaysia,22143093.0,2024-04-01,2024
202404,466,MLI,Mali,4933032.0,2024-04-01,2024
202404,470,MLT,Malta,30587.0,2024-04-01,2024
202404,478,MRT,Mauritania,143716.0,2024-04-01,2024
202404,480,MUS,Mauritius,887690.0,2024-04-01,2024
202404,484,MEX,Mexico,55276566.0,2024-04-01,2024
202404,490,S19,"Other Asia, nes",63195168.0,2024-04-01,2024
202404,496,MNG,Mongolia,145729.0,2024-04-01,2024
202404,498,MDA,Rep. of Moldova,46826.0,2024-04-01,2024
202404,499,MNE,Montenegro,16403.0,2024-04-01,2024
202404,504,MAR,Morocco,7163669.0,2024-04-01,2024
202404,508,MOZ,Mozambique,385545.0,2024-04-01,2024
202404,512,OMN,Oman,341119.0,2024-04-01,2024
202404,516,NAM,Namibia,31343.0,2024-04-01,2024
202404,524,NPL,Nepal,1380113.0,2024-04-01,2024
202404,527,O19,"Oceania, nes",20700.0,2024-04-01,2024
202404,528,NLD,Netherlands,151487541.0,2024-04-01,2024
202404,531,CUW,Curaçao,28542.0,2024-04-01,2024
202404,533,ABW,Aruba,84249.0,2024-04-01,2024
202404,540,NCL,New Caledonia,116572.0,2024-04-01,2024
202404,548,VUT,Vanuatu,41108.0,2024-04-01,2024
202404,554,NZL,New Zealand,3996203.0,2024-04-01,2024
202404,558,NIC,Nicaragua,69317.0,2024-04-01,2024
202404,562,NER,Niger,193985.0,2024-04-01,2024
202404,566,NGA,Nigeria,18456427.0,2024-04-01,2024
202404,579,NOR,Norway,2002715.0,2024-04-01,2024
202404,583,FSM,FS Micronesia,5625.0,2024-04-01,2024
202404,586,PAK,Pakistan,12268008.0,2024-04-01,2024
202404,591,PAN,Panama,2728516.0,2024-04-01,2024
202404,598,PNG,Papua New Guinea,197094.0,2024-04-01,2024
202404,600,PRY,Paraguay,236622.0,2024-04-01,2024
202404,604,PER,Peru,3056635.0,2024-04-01,2024
202404,608,PHL,Philippines,9581401.0,2024-04-01,2024
202404,616,POL,Poland,50044325.0,2024-04-01,2024
202404,620,PRT,Portugal,5349112.0,2024-04-01,2024
202404,626,TLS,Timor-Leste,253.0,2024-04-01,2024
202404,634,QAT,Qatar,336458.0,2024-04-01,2024
202404,636,A79,"Rest of America, nes",72934.0,2024-04-01,2024
202404,642,ROU,Romania,7586990.0,2024-04-01,2024
202404,643,RUS,Russian Federation,26560382.0,2024-04-01,2024
202404,646,RWA,Rwanda,12739.0,2024-04-01,2024
202404,662,LCA,Saint Lucia,7279.0,2024-04-01,2024
202404,670,VCT,Saint Vincent and the Grenadines,1086.0,2024-04-01,2024
202404,682,SAU,Saudi Arabia,10317936.0,2024-04-01,2024
202404,686,SEN,Senegal,1243280.0,2024-04-01,2024
202404,688,SRB,Serbia,390338.0,2024-04-01,2024
202404,690,SYC,Seychelles,6728.0,2024-04-01,2024
202404,694,SLE,Sierra Leone,274080.0,2024-04-01,2024
202404,699,IND,India,159978650.0,2024-04-01,2024
202404,702,SGP,Singapore,10710407.0,2024-04-01,2024
202404,703,SVK,Slovakia,22554778.0,2024-04-01,2024
202404,704,VNM,Viet Nam,289324668.0,2024-04-01,2024
202404,705,SVN,Slovenia,41986194.0,2024-04-01,2024
202404,706,SOM,Somalia,446841.0,2024-04-01,2024
202404,710,ZAF,South Africa,29951622.0,2024-04-01,2024
202404,716,ZWE,Zimbabwe,3956827.0,2024-04-01,2024
202404,724,ESP,Spain,112349408.0,2024-04-01,2024
202404,728,SSD,South Sudan,725040.0,2024-04-01,2024
202404,752,SWE,Sweden,6042122.0,2024-04-01,2024
202404,757,CHE,Switzerland,3688341.0,2024-04-01,2024
202404,760,SYR,Syria,123533.0,2024-04-01,2024
202404,762,TJK,Tajikistan,358629.0,2024-04-01,2024
202404,764,THA,Thailand,40276174.0,2024-04-01,2024
202404,768,TGO,Togo,931383.0,2024-04-01,2024
202404,776,TON,Tonga,7298.0,2024-04-01,2024
202404,780,TTO,Trinidad and Tobago,118827.0,2024-04-01,2024
202404,784,ARE,United Arab Emirates,18741327.0,2024-04-01,2024
202404,788,TUN,Tunisia,311311.0,2024-04-01,2024
202404,792,TUR,Türkiye,13486190.0,2024-04-01,2024
202404,795,TKM,Turkmenistan,31712.0,2024-04-01,2024
202404,800,UGA,Uganda,559742.0,2024-04-01,2024
202404,804,UKR,Ukraine,5846380.0,2024-04-01,2024
202404,807,MKD,North Macedonia,1100.0,2024-04-01,2024
202404,818,EGY,Egypt,4384396.0,2024-04-01,2024
202404,826,GBR,United Kingdom,145770190.0,2024-04-01,2024
202404,834,TZA,United Rep. of Tanzania,1741393.0,2024-04-01,2024
202404,842,USA,USA,1027833826.0,2024-04-01,2024
202404,854,BFA,Burkina Faso,1411064.0,2024-04-01,2024
202404,858,URY,Uruguay,212114.0,2024-04-01,2024
202404,860,UZB,Uzbekistan,1052478.0,2024-04-01,2024
202404,862,VEN,Venezuela,423211.0,2024-04-01,2024
202404,887,YEM,Yemen,1140975.0,2024-04-01,2024
202404,894,ZMB,Zambia,1237336.0,2024-04-01,2024
202404,899,_X ,"Areas, nes",238294.0,2024-04-01,2024
202405,4,AFG,Afghanistan,319415.0,2024-05-01,2024
202405,8,ALB,Albania,18222.0,2024-05-01,2024
202405,12,DZA,Algeria,3441840.0,2024-05-01,2024
202405,20,AND,Andorra,24836.0,2024-05-01,2024
202405,24,AGO,Angola,45475.0,2024-05-01,2024
202405,28,ATG,Antigua and Barbuda,3673.0,2024-05-01,2024
202405,32,ARG,Argentina,7085507.0,2024-05-01,2024
202405,36,AUS,Australia,65264712.0,2024-05-01,2024
202405,40,AUT,Austria,15357465.0,2024-05-01,2024
202405,44,BHS,Bahamas,67086.0,2024-05-01,2024
202405,48,BHR,Bahrain,152657.0,2024-05-01,2024
202405,50,BGD,Bangladesh,7519789.0,2024-05-01,2024
202405,52,BRB,Barbados,7078.0,2024-05-01,2024
202405,56,BEL,Belgium,42996345.0,2024-05-01,2024
202405,64,BTN,Bhutan,404933.0,2024-05-01,2024
202405,68,BOL,Bolivia (Plurinational State of),76268.0,2024-05-01,2024
202405,70,BIH,Bosnia Herzegovina,43962.0,2024-05-01,2024
202405,72,BWA,Botswana,154681.0,2024-05-01,2024
202405,76,BRA,Brazil,41939811.0,2024-05-01,2024
202405,84,BLZ,Belize,25234.0,2024-05-01,2024
202405,90,SLB,Solomon Isds,86341.0,2024-05-01,2024
202405,96,BRN,Brunei Darussalam,29652.0,2024-05-01,2024
202405,100,BGR,Bulgaria,5973218.0,2024-05-01,2024
202405,104,MMR,Myanmar,13082660.0,2024-05-01,2024
202405,108,BDI,Burundi,8855.0,2024-05-01,2024
202405,112,BLR,Belarus,418026.0,2024-05-01,2024
202405,116,KHM,Cambodia,1331844.0,2024-05-01,2024
202405,120,CMR,Cameroon,473148.0,2024-05-01,2024
202405,124,CAN,Canada,46639680.0,2024-05-01,2024
202405,132,CPV,Cabo Verde,43975.0,2024-05-01,2024
202405,136,CYM,Cayman Isds,4715.0,2024-05-01,2024
202405,140,CAF,Central African Rep.,88354.0,2024-05-01,2024
202405,144,LKA,Sri Lanka,109232.0,2024-05-01,2024
202405,148,TCD,Chad,3942574.0,2024-05-01,2024
202405,152,CHL,Chile,1340422.0,2024-05-01,2024
202405,170,COL,Colombia,4189446.0,2024-05-01,2024
202405,178,COG,Congo,1133458.0,2024-05-01,2024
202405,180,COD,Dem. Rep. of the Congo,960447.0,2024-05-01,2024
202405,184,COK,Cook Isds,1880.0,2024-05-01,2024
202405,188,CRI,Costa Rica,206942.0,2024-05-01,2024
202405,191,HRV,Croatia,1078804.0,2024-05-01,2024
202405,192,CUB,Cuba,8273.0,2024-05-01,2024
202405,196,CYP,Cyprus,221467.0,2024-05-01,2024
202405,203,CZE,Czechia,29517788.0,2024-05-01,2024
202405,204,BEN,Benin,54978.0,2024-05-01,2024
202405,208,DNK,Denmark,3207021.0,2024-05-01,2024
202405,212,DMA,Dominica,49889.0,2024-05-01,2024
202405,214,DOM,Dominican Rep.,912410.0,2024-05-01,2024
202405,218,ECU,Ecuador,258749.0,2024-05-01,2024
202405,222,SLV,El Salvador,152685.0,2024-05-01,2024
202405,231,ETH,Ethiopia,1519509.0,2024-05-01,2024
202405,233,EST,Estonia,753067.0,2024-05-01,2024
202405,242,FJI,Fiji,16841.0,2024-05-01,2024
202405,246,FIN,Finland,39552709.0,2024-05-01,2024
202405,251,FRA,France,93226360.0,2024-05-01,2024
202405,258,PYF,French Polynesia,1638935.0,2024-05-01,2024
202405,262,DJI,Djibouti,169093.0,2024-05-01,2024
202405,275,PSE,State of Palestine,33509.0,2024-05-01,2024
202405,276,DEU,Germany,776944364.0,2024-05-01,2024
202405,288,GHA,Ghana,2441745.0,2024-05-01,2024
202405,300,GRC,Greece,5038899.0,2024-05-01,2024
202405,320,GTM,Guatemala,132949.0,2024-05-01,2024
202405,324,GIN,Guinea,28858.0,2024-05-01,2024
202405,328,GUY,Guyana,48379.0,2024-05-01,2024
202405,332,HTI,Haiti,72058.0,2024-05-01,2024
202405,340,HND,Honduras,132113.0,2024-05-01,2024
202405,344,HKG,"China, Hong Kong SAR",101256606.0,2024-05-01,2024
202405,348,HUN,Hungary,57817073.0,2024-05-01,2024
202405,352,ISL,Iceland,1454.0,2024-05-01,2024
202405,360,IDN,Indonesia,37155784.0,2024-05-01,2024
202405,364,IRN,Iran,290533.0,2024-05-01,2024
202405,368,IRQ,Iraq,4587326.0,2024-05-01,2024
202405,372,IRL,Ireland,3725743.0,2024-05-01,2024
202405,376,ISR,Israel,60145442.0,2024-05-01,2024
202405,380,ITA,Italy,26857962.0,2024-05-01,2024
202405,384,CIV,Côte d'Ivoire,2264204.0,2024-05-01,2024
202405,388,JAM,Jamaica,763565.0,2024-05-01,2024
202405,392,JPN,Japan,191582677.0,2024-05-01,2024
202405,398,KAZ,Kazakhstan,255610.0,2024-05-01,2024
202405,400,JOR,Jordan,2447687.0,2024-05-01,2024
202405,404,KEN,Kenya,2864709.0,2024-05-01,2024
202405,410,KOR,Rep. of Korea,404291899.0,2024-05-01,2024
202405,414,KWT,Kuwait,485624.0,2024-05-01,2024
202405,417,KGZ,Kyrgyzstan,172384.0,2024-05-01,2024
202405,418,LAO,Lao People's Dem. Rep.,536278.0,2024-05-01,2024
202405,422,LBN,Lebanon,2306614.0,2024-05-01,2024
202405,428,LVA,Latvia,3385418.0,2024-05-01,2024
202405,430,LBR,Liberia,546.0,2024-05-01,2024
202405,434,LBY,Libya,532735.0,2024-05-01,2024
202405,440,LTU,Lithuania,1380830.0,2024-05-01,2024
202405,442,LUX,Luxembourg,39443.0,2024-05-01,2024
202405,446,MAC,"China, Macao SAR",41596.0,2024-05-01,2024
202405,450,MDG,Madagascar,665314.0,2024-05-01,2024
202405,454,MWI,Malawi,5316.0,2024-05-01,2024
202405,458,MYS,Malaysia,29761844.0,2024-05-01,2024
202405,462,MDV,Maldives,320009.0,2024-05-01,2024
202405,466,MLI,Mali,6369078.0,2024-05-01,2024
202405,470,MLT,Malta,33925.0,2024-05-01,2024
202405,478,MRT,Mauritania,279315.0,2024-05-01,2024
202405,480,MUS,Mauritius,76796.0,2024-05-01,2024
202405,484,MEX,Mexico,54580298.0,2024-05-01,2024
202405,490,S19,"Other Asia, nes",86990374.0,2024-05-01,2024
202405,496,MNG,Mongolia,202614.0,2024-05-01,2024
202405,498,MDA,Rep. of Moldova,341.0,2024-05-01,2024
202405,499,MNE,Montenegro,463.0,2024-05-01,2024
202405,504,MAR,Morocco,2422473.0,2024-05-01,2024
202405,508,MOZ,Mozambique,1011864.0,2024-05-01,2024
202405,512,OMN,Oman,356298.0,2024-05-01,2024
202405,516,NAM,Namibia,341667.0,2024-05-01,2024
202405,524,NPL,Nepal,282848.0,2024-05-01,2024
202405,527,O19,"Oceania, nes",8688.0,2024-05-01,2024
202405,528,NLD,Netherlands,195183891.0,2024-05-01,2024
202405,531,CUW,Curaçao,18577.0,2024-05-01,2024
202405,540,NCL,New Caledonia,91865.0,2024-05-01,2024
202405,548,VUT,Vanuatu,113561.0,2024-05-01,2024
202405,554,NZL,New Zealand,2904417.0,2024-05-01,2024
202405,558,NIC,Nicaragua,316658.0,2024-05-01,2024
202405,566,NGA,Nigeria,22797363.0,2024-05-01,2024
202405,568,E19,"Other Europe, nes",32.0,2024-05-01,2024
202405,579,NOR,Norway,3061523.0,2024-05-01,2024
202405,584,MHL,Marshall Isds,213.0,2024-05-01,2024
202405,586,PAK,Pakistan,16970403.0,2024-05-01,2024
202405,591,PAN,Panama,1577699.0,2024-05-01,2024
202405,598,PNG,Papua New Guinea,1475722.0,2024-05-01,2024
202405,600,PRY,Paraguay,413727.0,2024-05-01,2024
202405,604,PER,Peru,2191058.0,2024-05-01,2024
202405,608,PHL,Philippines,9982083.0,2024-05-01,2024
202405,616,POL,Poland,39119706.0,2024-05-01,2024
202405,620,PRT,Portugal,2693712.0,2024-05-01,2024
202405,624,GNB,Guinea-Bissau,2691.0,2024-05-01,2024
202405,626,TLS,Timor-Leste,3516.0,2024-05-01,2024
202405,634,QAT,Qatar,196605.0,2024-05-01,2024
202405,636,A79,"Rest of America, nes",75278.0,2024-05-01,2024
202405,642,ROU,Romania,11107362.0,2024-05-01,2024
202405,643,RUS,Russian Federation,26916261.0,2024-05-01,2024
202405,646,RWA,Rwanda,544515.0,2024-05-01,2024
202405,662,LCA,Saint Lucia,972.0,2024-05-01,2024
202405,670,VCT,Saint Vincent and the Grenadines,49400.0,2024-05-01,2024
202405,682,SAU,Saudi Arabia,32553758.0,2024-05-01,2024
202405,686,SEN,Senegal,1132960.0,2024-05-01,2024
202405,688,SRB,Serbia,740384.0,2024-05-01,2024
202405,694,SLE,Sierra Leone,455132.0,2024-05-01,2024
202405,699,IND,India,146160661.0,2024-05-01,2024
202405,702,SGP,Singapore,8842823.0,2024-05-01,2024
202405,703,SVK,Slovakia,23430256.0,2024-05-01,2024
202405,704,VNM,Viet Nam,396450194.0,2024-05-01,2024
202405,705,SVN,Slovenia,70919663.0,2024-05-01,2024
202405,706,SOM,Somalia,32648.0,2024-05-01,2024
202405,710,ZAF,South Africa,36507726.0,2024-05-01,2024
202405,716,ZWE,Zimbabwe,1958636.0,2024-05-01,2024
202405,724,ESP,Spain,149044679.0,2024-05-01,2024
202405,728,SSD,South Sudan,2542397.0,2024-05-01,2024
202405,729,SDN,Sudan,53331.0,2024-05-01,2024
202405,752,SWE,Sweden,9677351.0,2024-05-01,2024
202405,757,CHE,Switzerland,4569766.0,2024-05-01,2024
202405,760,SYR,Syria,5897.0,2024-05-01,2024
202405,762,TJK,Tajikistan,437451.0,2024-05-01,2024
202405,764,THA,Thailand,39056928.0,2024-05-01,2024
202405,768,TGO,Togo,234805.0,2024-05-01,2024
202405,780,TTO,Trinidad and Tobago,69211.0,2024-05-01,2024
202405,784,ARE,United Arab Emirates,23726366.0,2024-05-01,2024
202405,788,TUN,Tunisia,830601.0,2024-05-01,2024
202405,792,TUR,Türkiye,18919371.0,2024-05-01,2024
202405,800,UGA,Uganda,801200.0,2024-05-01,2024
202405,804,UKR,Ukraine,7858437.0,2024-05-01,2024
202405,807,MKD,North Macedonia,3067.0,2024-05-01,2024
202405,818,EGY,Egypt,5102857.0,2024-05-01,2024
202405,826,GBR,United Kingdom,160907797.0,2024-05-01,2024
202405,834,TZA,United Rep. of Tanzania,2095306.0,2024-05-01,2024
202405,842,USA,USA,837493572.0,2024-05-01,2024
202405,854,BFA,Burkina Faso,1577703.0,2024-05-01,2024
202405,858,URY,Uruguay,698850.0,2024-05-01,2024
202405,860,UZB,Uzbekistan,1740251.0,2024-05-01,2024
202405,862,VEN,Venezuela,320544.0,2024-05-01,2024
202405,887,YEM,Yemen,358694.0,2024-05-01,2024
202405,894,ZMB,Zambia,340914.0,2024-05-01,2024
202405,899,_X ,"Areas, nes",153110.0,2024-05-01,2024
202406,4,AFG,Afghanistan,2316.0,2024-06-01,2024
202406,8,ALB,Albania,17706.0,2024-06-01,2024
202406,12,DZA,Algeria,351637.0,2024-06-01,2024
202406,24,AGO,Angola,1195775.0,2024-06-01,2024
202406,28,ATG,Antigua and Barbuda,24582.0,2024-06-01,2024
202406,32,ARG,Argentina,16538881.0,2024-06-01,2024
202406,36,AUS,Australia,43365897.0,2024-06-01,2024
202406,40,AUT,Austria,22051874.0,2024-06-01,2024
202406,44,BHS,Bahamas,41419.0,2024-06-01,2024
202406,48,BHR,Bahrain,31128.0,2024-06-01,2024
202406,50,BGD,Bangladesh,4922746.0,2024-06-01,2024
202406,52,BRB,Barbados,12372.0,2024-06-01,2024
202406,56,BEL,Belgium,31663606.0,2024-06-01,2024
202406,64,BTN,Bhutan,12641.0,2024-06-01,2024
202406,68,BOL,Bolivia (Plurinational State of),4884.0,2024-06-01,2024
202406,72,BWA,Botswana,3043.0,2024-06-01,2024
202406,76,BRA,Brazil,45009541.0,2024-06-01,2024
202406,84,BLZ,Belize,131917.0,2024-06-01,2024
202406,90,SLB,Solomon Isds,1139161.0,2024-06-01,2024
202406,92,VGB,Br. Virgin Isds,87853.0,2024-06-01,2024
202406,96,BRN,Brunei Darussalam,7232.0,2024-06-01,2024
202406,100,BGR,Bulgaria,2126617.0,2024-06-01,2024
202406,104,MMR,Myanmar,12964734.0,2024-06-01,2024
202406,112,BLR,Belarus,6403883.0,2024-06-01,2024
202406,116,KHM,Cambodia,1324180.0,2024-06-01,2024
202406,120,CMR,Cameroon,1350361.0,2024-06-01,2024
202406,124,CAN,Canada,51560934.0,2024-06-01,2024
202406,140,CAF,Central African Rep.,6594.0,2024-06-01,2024
202406,144,LKA,Sri Lanka,826136.0,2024-06-01,2024
202406,148,TCD,Chad,497085.0,2024-06-01,2024
202406,152,CHL,Chile,10218795.0,2024-06-01,2024
202406,170,COL,Colombia,2345101.0,2024-06-01,2024
202406,178,COG,Congo,34320.0,2024-06-01,2024
202406,180,COD,Dem. Rep. of the Congo,848988.0,2024-06-01,2024
202406,188,CRI,Costa Rica,550485.0,2024-06-01,2024
202406,191,HRV,Croatia,1370472.0,2024-06-01,2024
202406,192,CUB,Cuba,8298.0,2024-06-01,2024
202406,196,CYP,Cyprus,86415.0,2024-06-01,2024
202406,203,CZE,Czechia,61468221.0,2024-06-01,2024
202406,204,BEN,Benin,357645.0,2024-06-01,2024
202406,208,DNK,Denmark,2483181.0,2024-06-01,2024
202406,214,DOM,Dominican Rep.,556765.0,2024-06-01,2024
202406,218,ECU,Ecuador,405265.0,2024-06-01,2024
202406,222,SLV,El Salvador,40488.0,2024-06-01,2024
202406,231,ETH,Ethiopia,258097.0,2024-06-01,2024
202406,233,EST,Estonia,1223484.0,2024-06-01,2024
202406,242,FJI,Fiji,26222.0,2024-06-01,2024
202406,246,FIN,Finland,53363430.0,2024-06-01,2024
202406,251,FRA,France,62482898.0,2024-06-01,2024
202406,258,PYF,French Polynesia,3739833.0,2024-06-01,2024
202406,262,DJI,Djibouti,38820.0,2024-06-01,2024
202406,266,GAB,Gabon,238.0,2024-06-01,2024
202406,270,GMB,Gambia,156624.0,2024-06-01,2024
202406,275,PSE,State of Palestine,113802.0,2024-06-01,2024
202406,276,DEU,Germany,899671256.0,2024-06-01,2024
202406,288,GHA,Ghana,2267913.0,2024-06-01,2024
202406,300,GRC,Greece,4056079.0,2024-06-01,2024
202406,308,GRD,Grenada,9368.0,2024-06-01,2024
202406,320,GTM,Guatemala,368236.0,2024-06-01,2024
202406,324,GIN,Guinea,831745.0,2024-06-01,2024
202406,328,GUY,Guyana,63419.0,2024-06-01,2024
202406,332,HTI,Haiti,12445.0,2024-06-01,2024
202406,340,HND,Honduras,205706.0,2024-06-01,2024
202406,344,HKG,"China, Hong Kong SAR",108297687.0,2024-06-01,2024
202406,348,HUN,Hungary,61828229.0,2024-06-01,2024
202406,352,ISL,Iceland,284559.0,2024-06-01,2024
202406,360,IDN,Indonesia,43094002.0,2024-06-01,2024
202406,364,IRN,Iran,1237842.0,2024-06-01,2024
202406,368,IRQ,Iraq,2204175.0,2024-06-01,2024
202406,372,IRL,Ireland,4020204.0,2024-06-01,2024
202406,376,ISR,Israel,30914076.0,2024-06-01,2024
202406,380,ITA,Italy,36635926.0,2024-06-01,2024
202406,384,CIV,Côte d'Ivoire,1600597.0,2024-06-01,2024
202406,388,JAM,Jamaica,1395498.0,2024-06-01,2024
202406,392,JPN,Japan,210610870.0,2024-06-01,2024
202406,398,KAZ,Kazakhstan,1547994.0,2024-06-01,2024
202406,400,JOR,Jordan,4683575.0,2024-06-01,2024
202406,404,KEN,Kenya,3912211.0,2024-06-01,2024
202406,410,KOR,Rep. of Korea,350403378.0,2024-06-01,2024
202406,414,KWT,Kuwait,290383.0,2024-06-01,2024
202406,417,KGZ,Kyrgyzstan,21142.0,2024-06-01,2024
202406,418,LAO,Lao People's Dem. Rep.,5507.0,2024-06-01,2024
202406,422,LBN,Lebanon,4215747.0,2024-06-01,2024
202406,426,LSO,Lesotho,334234.0,2024-06-01,2024
202406,428,LVA,Latvia,156847.0,2024-06-01,2024
202406,430,LBR,Liberia,429722.0,2024-06-01,2024
202406,434,LBY,Libya,1697004.0,2024-06-01,2024
202406,440,LTU,Lithuania,684600.0,2024-06-01,2024
202406,442,LUX,Luxembourg,6534.0,2024-06-01,2024
202406,446,MAC,"China, Macao SAR",111032.0,2024-06-01,2024
202406,450,MDG,Madagascar,710543.0,2024-06-01,2024
202406,454,MWI,Malawi,270699.0,2024-06-01,2024
202406,458,MYS,Malaysia,33026739.0,2024-06-01,2024
202406,462,MDV,Maldives,18250.0,2024-06-01,2024
202406,466,MLI,Mali,9403623.0,2024-06-01,2024
202406,470,MLT,Malta,121457.0,2024-06-01,2024
202406,478,MRT,Mauritania,55412.0,2024-06-01,2024
202406,480,MUS,Mauritius,57169.0,2024-06-01,2024
202406,484,MEX,Mexico,51407852.0,2024-06-01,2024
202406,490,S19,"Other Asia, nes",73165454.0,2024-06-01,2024
202406,496,MNG,Mongolia,585363.0,2024-06-01,2024
202406,498,MDA,Rep. of Moldova,113751.0,2024-06-01,2024
202406,499,MNE,Montenegro,1470.0,2024-06-01,2024
202406,504,MAR,Morocco,1019936.0,2024-06-01,2024
202406,508,MOZ,Mozambique,1959127.0,2024-06-01,2024
202406,512,OMN,Oman,304078.0,2024-06-01,2024
202406,516,NAM,Namibia,2360761.0,2024-06-01,2024
202406,524,NPL,Nepal,296916.0,2024-06-01,2024
202406,527,O19,"Oceania, nes",3279.0,2024-06-01,2024
202406,528,NLD,Netherlands,195864043.0,2024-06-01,2024
202406,531,CUW,Curaçao,30633.0,2024-06-01,2024
202406,533,ABW,Aruba,32402.0,2024-06-01,2024
202406,540,NCL,New Caledonia,170230.0,2024-06-01,2024
202406,548,VUT,Vanuatu,27860.0,2024-06-01,2024
202406,554,NZL,New Zealand,4366827.0,2024-06-01,2024
202406,558,NIC,Nicaragua,98074.0,2024-06-01,2024
202406,562,NER,Niger,98.0,2024-06-01,2024
202406,566,NGA,Nigeria,44893766.0,2024-06-01,2024
202406,579,NOR,Norway,6760905.0,2024-06-01,2024
202406,583,FSM,FS Micronesia,18759.0,2024-06-01,2024
202406,586,PAK,Pakistan,19525587.0,2024-06-01,2024
202406,591,PAN,Panama,6914105.0,2024-06-01,2024
202406,598,PNG,Papua New Guinea,27989.0,2024-06-01,2024
202406,600,PRY,Paraguay,389921.0,2024-06-01,2024
202406,604,PER,Peru,2731410.0,2024-06-01,2024
202406,608,PHL,Philippines,10290274.0,2024-06-01,2024
202406,616,POL,Poland,55114981.0,2024-06-01,2024
202406,620,PRT,Portugal,7439319.0,2024-06-01,2024
202406,624,GNB,Guinea-Bissau,1653.0,2024-06-01,2024
202406,626,TLS,Timor-Leste,64060.0,2024-06-01,2024
202406,634,QAT,Qatar,103731.0,2024-06-01,2024
202406,636,A79,"Rest of America, nes",3409.0,2024-06-01,2024
202406,642,ROU,Romania,8693618.0,2024-06-01,2024
202406,643,RUS,Russian Federation,21401354.0,2024-06-01,2024
202406,646,RWA,Rwanda,1138736.0,2024-06-01,2024
202406,662,LCA,Saint Lucia,5494.0,2024-06-01,2024
202406,670,VCT,Saint Vincent and the Grenadines,3973.0,2024-06-01,2024
202406,678,STP,Sao Tome and Principe,673.0,2024-06-01,2024
202406,682,SAU,Saudi Arabia,158932562.0,2024-06-01,2024
202406,686,SEN,Senegal,852648.0,2024-06-01,2024
202406,688,SRB,Serbia,605446.0,2024-06-01,2024
202406,690,SYC,Seychelles,25807.0,2024-06-01,2024
202406,694,SLE,Sierra Leone,556828.0,2024-06-01,2024
202406,699,IND,India,211244416.0,2024-06-01,2024
202406,702,SGP,Singapore,12455692.0,2024-06-01,2024
202406,703,SVK,Slovakia,42017842.0,2024-06-01,2024
202406,704,VNM,Viet Nam,338263899.0,2024-06-01,2024
202406,705,SVN,Slovenia,34022040.0,2024-06-01,2024
202406,706,SOM,Somalia,113526.0,2024-06-01,2024
202406,710,ZAF,South Africa,32568716.0,2024-06-01,2024
202406,716,ZWE,Zimbabwe,2357216.0,2024-06-01,2024
202406,724,ESP,Spain,56696381.0,2024-06-01,2024
202406,728,SSD,South Sudan,924320.0,2024-06-01,2024
202406,729,SDN,Sudan,1667423.0,2024-06-01,2024
202406,740,SUR,Suriname,43078.0,2024-06-01,2024
202406,752,SWE,Sweden,15196824.0,2024-06-01,2024
202406,757,CHE,Switzerland,5985333.0,2024-06-01,2024
202406,760,SYR,Syria,159087.0,2024-06-01,2024
202406,762,TJK,Tajikistan,3419.0,2024-06-01,2024
202406,764,THA,Thailand,64585756.0,2024-06-01,2024
202406,768,TGO,Togo,954458.0,2024-06-01,2024
202406,776,TON,Tonga,145760.0,2024-06-01,2024
202406,780,TTO,Trinidad and Tobago,39170.0,2024-06-01,2024
202406,784,ARE,United Arab Emirates,31575915.0,2024-06-01,2024
202406,788,TUN,Tunisia,152437.0,2024-06-01,2024
202406,792,TUR,Türkiye,23951850.0,2024-06-01,2024
202406,800,UGA,Uganda,1354556.0,2024-06-01,2024
202406,804,UKR,Ukraine,7727843.0,2024-06-01,2024
202406,818,EGY,Egypt,1700160.0,2024-06-01,2024
202406,826,GBR,United Kingdom,194410212.0,2024-06-01,2024
202406,834,TZA,United Rep. of Tanzania,2161038.0,2024-06-01,2024
202406,842,USA,USA,1075962776.0,2024-06-01,2024
202406,854,BFA,Burkina Faso,1095448.0,2024-06-01,2024
202406,858,URY,Uruguay,989322.0,2024-06-01,2024
202406,860,UZB,Uzbekistan,3178393.0,2024-06-01,2024
202406,862,VEN,Venezuela,1866511.0,2024-06-01,2024
202406,882,WSM,Samoa,19818.0,2024-06-01,2024
202406,887,YEM,Yemen,1062166.0,2024-06-01,2024
202406,894,ZMB,Zambia,1737159.0,2024-06-01,2024
202406,899,_X ,"Areas, nes",118266.0,2024-06-01,2024
202407,8,ALB,Albania,12901.0,2024-07-01,2024
202407,12,DZA,Algeria,574904.0,2024-07-01,2024
202407,20,AND,Andorra,2534.0,2024-07-01,2024
202407,24,AGO,Angola,109695.0,2024-07-01,2024
202407,28,ATG,Antigua and Barbuda,9000.0,2024-07-01,2024
202407,32,ARG,Argentina,3530331.0,2024-07-01,2024
202407,36,AUS,Australia,103055391.0,2024-07-01,2024
202407,40,AUT,Austria,30931119.0,2024-07-01,2024
202407,44,BHS,Bahamas,82591.0,2024-07-01,2024
202407,48,BHR,Bahrain,41989.0,2024-07-01,2024
202407,50,BGD,Bangladesh,3993172.0,2024-07-01,2024
202407,52,BRB,Barbados,58020.0,2024-07-01,2024
202407,56,BEL,Belgium,66068108.0,2024-07-01,2024
202407,64,BTN,Bhutan,77571.0,2024-07-01,2024
202407,68,BOL,Bolivia (Plurinational State of),134515.0,2024-07-01,2024
202407,70,BIH,Bosnia Herzegovina,169103.0,2024-07-01,2024
202407,72,BWA,Botswana,166956.0,2024-07-01,2024
202407,76,BRA,Brazil,54938996.0,2024-07-01,2024
202407,84,BLZ,Belize,107752.0,2024-07-01,2024
202407,90,SLB,Solomon Isds,39540.0,2024-07-01,2024
202407,92,VGB,Br. Virgin Isds,94609.0,2024-07-01,2024
202407,96,BRN,Brunei Darussalam,18700.0,2024-07-01,2024
202407,100,BGR,Bulgaria,3168610.0,2024-07-01,2024
202407,104,MMR,Myanmar,4058167.0,2024-07-01,2024
202407,108,BDI,Burundi,2800.0,2024-07-01,2024
202407,112,BLR,Belarus,1115576.0,2024-07-01,2024
202407,116,KHM,Cambodia,851077.0,2024-07-01,2024
202407,120,CMR,Cameroon,871062.0,2024-07-01,2024
202407,124,CAN,Canada,44035827.0,2024-07-01,2024
202407,140,CAF,Central African Rep.,1174215.0,2024-07-01,2024
202407,144,LKA,Sri Lanka,390068.0,2024-07-01,2024
202407,148,TCD,Chad,467119.0,2024-07-01,2024
202407,152,CHL,Chile,85197851.0,2024-07-01,2024
202407,170,COL,Colombia,4658880.0,2024-07-01,2024
202407,178,COG,Congo,187422.0,2024-07-01,2024
202407,180,COD,Dem. Rep. of the Congo,1013373.0,2024-07-01,2024
202407,184,COK,Cook Isds,735.0,2024-07-01,2024
202407,188,CRI,Costa Rica,341369.0,2024-07-01,2024
202407,191,HRV,Croatia,1415408.0,2024-07-01,2024
202407,192,CUB,Cuba,508457.0,2024-07-01,2024
202407,196,CYP,Cyprus,78967.0,2024-07-01,2024
202407,203,CZE,Czechia,57810036.0,2024-07-01,2024
202407,204,BEN,Benin,262099.0,2024-07-01,2024
202407,208,DNK,Denmark,2316057.0,2024-07-01,2024
202407,212,DMA,Dominica,29016.0,2024-07-01,2024
202407,214,DOM,Dominican Rep.,8446467.0,2024-07-01,2024
202407,218,ECU,Ecuador,437932.0,2024-07-01,2024
202407,222,SLV,El Salvador,396363.0,2024-07-01,2024
202407,231,ETH,Ethiopia,770410.0,2024-07-01,2024
202407,233,EST,Estonia,990212.0,2024-07-01,2024
202407,242,FJI,Fiji,29480.0,2024-07-01,2024
202407,246,FIN,Finland,73000420.0,2024-07-01,2024
202407,251,FRA,France,72420515.0,2024-07-01,2024
202407,258,PYF,French Polynesia,86771.0,2024-07-01,2024
202407,262,DJI,Djibouti,164585.0,2024-07-01,2024
202407,266,GAB,Gabon,1737547.0,2024-07-01,2024
202407,270,GMB,Gambia,292875.0,2024-07-01,2024
202407,275,PSE,State of Palestine,16030.0,2024-07-01,2024
202407,276,DEU,Germany,827587950.0,2024-07-01,2024
202407,288,GHA,Ghana,2016960.0,2024-07-01,2024
202407,296,KIR,Kiribati,479795.0,2024-07-01,2024
202407,300,GRC,Greece,2406954.0,2024-07-01,2024
202407,308,GRD,Grenada,4680.0,2024-07-01,2024
202407,320,GTM,Guatemala,547960.0,2024-07-01,2024
202407,324,GIN,Guinea,443882.0,2024-07-01,2024
202407,328,GUY,Guyana,578030.0,2024-07-01,2024
202407,332,HTI,Haiti,1104845.0,2024-07-01,2024
202407,340,HND,Honduras,69582.0,2024-07-01,2024
202407,344,HKG,"China, Hong Kong SAR",108864130.0,2024-07-01,2024
202407,348,HUN,Hungary,40261226.0,2024-07-01,2024
202407,352,ISL,Iceland,4740.0,2024-07-01,2024
202407,360,IDN,Indonesia,41575472.0,2024-07-01,2024
202407,364,IRN,Iran,5479226.0,2024-07-01,2024
202407,368,IRQ,Iraq,4104993.0,2024-07-01,2024
202407,372,IRL,Ireland,3642870.0,2024-07-01,2024
202407,376,ISR,Israel,15175022.0,2024-07-01,2024
202407,380,ITA,Italy,35725344.0,2024-07-01,2024
202407,384,CIV,Côte d'Ivoire,682275.0,2024-07-01,2024
202407,388,JAM,Jamaica,949502.0,2024-07-01,2024
202407,392,JPN,Japan,168185726.0,2024-07-01,2024
202407,398,KAZ,Kazakhstan,318405.0,2024-07-01,2024
202407,400,JOR,Jordan,2912689.0,2024-07-01,2024
202407,404,KEN,Kenya,4098815.0,2024-07-01,2024
202407,410,KOR,Rep. of Korea,223061558.0,2024-07-01,2024
202407,414,KWT,Kuwait,434159.0,2024-07-01,2024
202407,417,KGZ,Kyrgyzstan,114437.0,2024-07-01,2024
202407,418,LAO,Lao People's Dem. Rep.,372.0,2024-07-01,2024
202407,422,LBN,Lebanon,4080905.0,2024-07-01,2024
202407,426,LSO,Lesotho,10934.0,2024-07-01,2024
202407,428,LVA,Latvia,3712008.0,2024-07-01,2024
202407,430,LBR,Liberia,67374.0,2024-07-01,2024
202407,434,LBY,Libya,189497.0,2024-07-01,2024
202407,440,LTU,Lithuania,1470909.0,2024-07-01,2024
202407,442,LUX,Luxembourg,36509.0,2024-07-01,2024
202407,446,MAC,"China, Macao SAR",120098.0,2024-07-01,2024
202407,450,MDG,Madagascar,1902876.0,2024-07-01,2024
202407,454,MWI,Malawi,196080.0,2024-07-01,2024
202407,458,MYS,Malaysia,24675745.0,2024-07-01,2024
202407,462,MDV,Maldives,487879.0,2024-07-01,2024
202407,466,MLI,Mali,8861958.0,2024-07-01,2024
202407,470,MLT,Malta,18057.0,2024-07-01,2024
202407,478,MRT,Mauritania,162358.0,2024-07-01,2024
202407,480,MUS,Mauritius,601078.0,2024-07-01,2024
202407,484,MEX,Mexico,49448428.0,2024-07-01,2024
202407,490,S19,"Other Asia, nes",62818054.0,2024-07-01,2024
202407,496,MNG,Mongolia,385886.0,2024-07-01,2024
202407,498,MDA,Rep. of Moldova,244398.0,2024-07-01,2024
202407,499,MNE,Montenegro,1415.0,2024-07-01,2024
202407,504,MAR,Morocco,386957.0,2024-07-01,2024
202407,508,MOZ,Mozambique,1615121.0,2024-07-01,2024
202407,512,OMN,Oman,1410273.0,2024-07-01,2024
202407,516,NAM,Namibia,1714.0,2024-07-01,2024
202407,524,NPL,Nepal,98658.0,2024-07-01,2024
202407,528,NLD,Netherlands,228245276.0,2024-07-01,2024
202407,531,CUW,Curaçao,214007.0,2024-07-01,2024
202407,533,ABW,Aruba,53060.0,2024-07-01,2024
202407,540,NCL,New Caledonia,4704.0,2024-07-01,2024
202407,548,VUT,Vanuatu,73323.0,2024-07-01,2024
202407,554,NZL,New Zealand,3607868.0,2024-07-01,2024
202407,558,NIC,Nicaragua,247386.0,2024-07-01,2024
202407,562,NER,Niger,266738.0,2024-07-01,2024
202407,566,NGA,Nigeria,30858397.0,2024-07-01,2024
202407,568,E19,"Other Europe, nes",119.0,2024-07-01,2024
202407,579,NOR,Norway,3999887.0,2024-07-01,2024
202407,583,FSM,FS Micronesia,15367.0,2024-07-01,2024
202407,586,PAK,Pakistan,8727797.0,2024-07-01,2024
202407,591,PAN,Panama,5554624.0,2024-07-01,2024
202407,598,PNG,Papua New Guinea,116640.0,2024-07-01,2024
202407,600,PRY,Paraguay,945919.0,2024-07-01,2024
202407,604,PER,Peru,3728903.0,2024-07-01,2024
202407,608,PHL,Philippines,12616890.0,2024-07-01,2024
202407,616,POL,Poland,43186512.0,2024-07-01,2024
202407,620,PRT,Portugal,2313203.0,2024-07-01,2024
202407,624,GNB,Guinea-Bissau,720082.0,2024-07-01,2024
202407,626,TLS,Timor-Leste,21495.0,2024-07-01,2024
202407,634,QAT,Qatar,399453.0,2024-07-01,2024
202407,636,A79,"Rest of America, nes",13325.0,2024-07-01,2024
202407,642,ROU,Romania,11302188.0,2024-07-01,2024
202407,643,RUS,Russian Federation,34784187.0,2024-07-01,2024
202407,646,RWA,Rwanda,135000.0,2024-07-01,2024
202407,662,LCA,Saint Lucia,9357.0,2024-07-01,2024
202407,670,VCT,Saint Vincent and the Grenadines,1298.0,2024-07-01,2024
202407,682,SAU,Saudi Arabia,109605667.0,2024-07-01,2024
202407,686,SEN,Senegal,4605727.0,2024-07-01,2024
202407,688,SRB,Serbia,11312790.0,2024-07-01,2024
202407,690,SYC,Seychelles,4223.0,2024-07-01,2024
202407,694,SLE,Sierra Leone,556408.0,2024-07-01,2024
202407,699,IND,India,167960812.0,2024-07-01,2024
202407,702,SGP,Singapore,9805895.0,2024-07-01,2024
202407,703,SVK,Slovakia,75716449.0,2024-07-01,2024
202407,704,VNM,Viet Nam,321925420.0,2024-07-01,2024
202407,705,SVN,Slovenia,25106693.0,2024-07-01,2024
202407,706,SOM,Somalia,563319.0,2024-07-01,2024
202407,710,ZAF,South Africa,24397660.0,2024-07-01,2024
202407,716,ZWE,Zimbabwe,1406604.0,2024-07-01,2024
202407,724,ESP,Spain,66487008.0,2024-07-01,2024
202407,740,SUR,Suriname,34037.0,2024-07-01,2024
202407,748,SWZ,Eswatini,95318.0,2024-07-01,2024
202407,752,SWE,Sweden,16100722.0,2024-07-01,2024
202407,757,CHE,Switzerland,5167110.0,2024-07-01,2024
202407,760,SYR,Syria,207749.0,2024-07-01,2024
202407,762,TJK,Tajikistan,5994.0,2024-07-01,2024
202407,764,THA,Thailand,56011797.0,2024-07-01,2024
202407,768,TGO,Togo,1059945.0,2024-07-01,2024
202407,776,TON,Tonga,70796.0,2024-07-01,2024
202407,780,TTO,Trinidad and Tobago,26286.0,2024-07-01,2024
202407,784,ARE,United Arab Emirates,37435656.0,2024-07-01,2024
202407,788,TUN,Tunisia,94599.0,2024-07-01,2024
202407,792,TUR,Türkiye,30681339.0,2024-07-01,2024
202407,796,TCA,Turks and Caicos Isds,8200.0,2024-07-01,2024
202407,800,UGA,Uganda,823147.0,2024-07-01,2024
202407,804,UKR,Ukraine,9796525.0,2024-07-01,2024
202407,807,MKD,North Macedonia,5406.0,2024-07-01,2024
202407,818,EGY,Egypt,3461194.0,2024-07-01,2024
202407,826,GBR,United Kingdom,118667387.0,2024-07-01,2024
202407,834,TZA,United Rep. of Tanzania,1506039.0,2024-07-01,2024
202407,842,USA,USA,1544526960.0,2024-07-01,2024
202407,854,BFA,Burkina Faso,558923.0,2024-07-01,2024
202407,858,URY,Uruguay,1613288.0,2024-07-01,2024
202407,860,UZB,Uzbekistan,19901447.0,2024-07-01,2024
202407,862,VEN,Venezuela,986671.0,2024-07-01,2024
202407,887,YEM,Yemen,2886850.0,2024-07-01,2024
202407,894,ZMB,Zambia,1303516.0,2024-07-01,2024
202407,899,_X ,"Areas, nes",247261.0,2024-07-01,2024
202408,4,AFG,Afghanistan,308366.0,2024-08-01,2024
202408,8,ALB,Albania,12223.0,2024-08-01,2024
202408,12,DZA,Algeria,1662384.0,2024-08-01,2024
202408,24,AGO,Angola,312441.0,2024-08-01,2024
202408,28,ATG,Antigua and Barbuda,7680.0,2024-08-01,2024
202408,32,ARG,Argentina,3837486.0,2024-08-01,2024
202408,36,AUS,Australia,274185172.0,2024-08-01,2024
202408,40,AUT,Austria,23569679.0,2024-08-01,2024
202408,44,BHS,Bahamas,63971.0,2024-08-01,2024
202408,48,BHR,Bahrain,2543.0,2024-08-01,2024
202408,50,BGD,Bangladesh,3528280.0,2024-08-01,2024
202408,52,BRB,Barbados,317304.0,2024-08-01,2024
202408,56,BEL,Belgium,51523898.0,2024-08-01,2024
202408,68,BOL,Bolivia (Plurinational State of),27096.0,2024-08-01,2024
202408,70,BIH,Bosnia Herzegovina,108101.0,2024-08-01,2024
202408,72,BWA,Botswana,60.0,2024-08-01,2024
202408,76,BRA,Brazil,42929442.0,2024-08-01,2024
202408,84,BLZ,Belize,42212.0,2024-08-01,2024
202408,90,SLB,Solomon Isds,1602186.0,2024-08-01,2024
202408,96,BRN,Brunei Darussalam,1896.0,2024-08-01,2024
202408,100,BGR,Bulgaria,2770800.0,2024-08-01,2024
202408,104,MMR,Myanmar,6125274.0,2024-08-01,2024
202408,108,BDI,Burundi,113773.0,2024-08-01,2024
202408,112,BLR,Belarus,1574622.0,2024-08-01,2024
202408,116,KHM,Cambodia,1026518.0,2024-08-01,2024
202408,120,CMR,Cameroon,1498346.0,2024-08-01,2024
202408,124,CAN,Canada,28902963.0,2024-08-01,2024
202408,144,LKA,Sri Lanka,88066.0,2024-08-01,2024
202408,148,TCD,Chad,2382766.0,2024-08-01,2024
202408,152,CHL,Chile,16004989.0,2024-08-01,2024
202408,170,COL,Colombia,3729576.0,2024-08-01,2024
202408,174,COM,Comoros,322754.0,2024-08-01,2024
202408,180,COD,Dem. Rep. of the Congo,637943.0,2024-08-01,2024
202408,188,CRI,Costa Rica,209000.0,2024-08-01,2024
202408,191,HRV,Croatia,1290926.0,2024-08-01,2024
202408,192,CUB,Cuba,70841.0,2024-08-01,2024
202408,196,CYP,Cyprus,218608.0,2024-08-01,2024
202408,203,CZE,Czechia,43644248.0,2024-08-01,2024
202408,204,BEN,Benin,893184.0,2024-08-01,2024
202408,208,DNK,Denmark,3988252.0,2024-08-01,2024
202408,212,DMA,Dominica,1000.0,2024-08-01,2024
202408,214,DOM,Dominican Rep.,1546002.0,2024-08-01,2024
202408,218,ECU,Ecuador,261328.0,2024-08-01,2024
202408,222,SLV,El Salvador,94135.0,2024-08-01,2024
202408,226,GNQ,Equatorial Guinea,351.0,2024-08-01,2024
202408,231,ETH,Ethiopia,892775.0,2024-08-01,2024
202408,233,EST,Estonia,1490119.0,2024-08-01,2024
202408,242,FJI,Fiji,25997.0,2024-08-01,2024
202408,246,FIN,Finland,74543985.0,2024-08-01,2024
202408,251,FRA,France,112863873.0,2024-08-01,2024
202408,258,PYF,French Polynesia,112338.0,2024-08-01,2024
202408,262,DJI,Djibouti,1737305.0,2024-08-01,2024
202408,266,GAB,Gabon,59929.0,2024-08-01,2024
202408,270,GMB,Gambia,71904.0,2024-08-01,2024
202408,275,PSE,State of Palestine,26518.0,2024-08-01,2024
202408,276,DEU,Germany,1119185123.0,2024-08-01,2024
202408,288,GHA,Ghana,1817987.0,2024-08-01,2024
202408,300,GRC,Greece,5008627.0,2024-08-01,2024
202408,308,GRD,Grenada,6187.0,2024-08-01,2024
202408,320,GTM,Guatemala,812798.0,2024-08-01,2024
202408,324,GIN,Guinea,1558530.0,2024-08-01,2024
202408,328,GUY,Guyana,26725.0,2024-08-01,2024
202408,332,HTI,Haiti,396920.0,2024-08-01,2024
202408,340,HND,Honduras,2477941.0,2024-08-01,2024
202408,344,HKG,"China, Hong Kong SAR",104317933.0,2024-08-01,2024
202408,348,HUN,Hungary,51557603.0,2024-08-01,2024
202408,352,ISL,Iceland,430.0,2024-08-01,2024
202408,360,IDN,Indonesia,41810018.0,2024-08-01,2024
202408,364,IRN,Iran,993602.0,2024-08-01,2024
202408,368,IRQ,Iraq,9199416.0,2024-08-01,2024
202408,372,IRL,Ireland,3678634.0,2024-08-01,2024
202408,376,ISR,Israel,30290372.0,2024-08-01,2024
202408,380,ITA,Italy,29231826.0,2024-08-01,2024
202408,384,CIV,Côte d'Ivoire,665573.0,2024-08-01,2024
202408,388,JAM,Jamaica,894465.0,2024-08-01,2024
202408,392,JPN,Japan,159024922.0,2024-08-01,2024
202408,398,KAZ,Kazakhstan,588580.0,2024-08-01,2024
202408,400,JOR,Jordan,7950454.0,2024-08-01,2024
202408,404,KEN,Kenya,3147163.0,2024-08-01,2024
202408,410,KOR,Rep. of Korea,291345278.0,2024-08-01,2024
202408,414,KWT,Kuwait,574412.0,2024-08-01,2024
202408,417,KGZ,Kyrgyzstan,779569.0,2024-08-01,2024
202408,418,LAO,Lao People's Dem. Rep.,12695.0,2024-08-01,2024
202408,422,LBN,Lebanon,3821655.0,2024-08-01,2024
202408,426,LSO,Lesotho,480904.0,2024-08-01,2024
202408,428,LVA,Latvia,307160.0,2024-08-01,2024
202408,430,LBR,Liberia,258486.0,2024-08-01,2024
202408,434,LBY,Libya,3030184.0,2024-08-01,2024
202408,440,LTU,Lithuania,1177610.0,2024-08-01,2024
202408,442,LUX,Luxembourg,28141.0,2024-08-01,2024
202408,446,MAC,"China, Macao SAR",59314.0,2024-08-01,2024
202408,450,MDG,Madagascar,860785.0,2024-08-01,2024
202408,454,MWI,Malawi,123634.0,2024-08-01,2024
202408,458,MYS,Malaysia,23492202.0,2024-08-01,2024
202408,462,MDV,Maldives,315192.0,2024-08-01,2024
202408,466,MLI,Mali,6670271.0,2024-08-01,2024
202408,470,MLT,Malta,33331.0,2024-08-01,2024
202408,478,MRT,Mauritania,133618.0,2024-08-01,2024
202408,480,MUS,Mauritius,314471.0,2024-08-01,2024
202408,484,MEX,Mexico,42103858.0,2024-08-01,2024
202408,490,S19,"Other Asia, nes",53853846.0,2024-08-01,2024
202408,496,MNG,Mongolia,1729076.0,2024-08-01,2024
202408,498,MDA,Rep. of Moldova,16499.0,2024-08-01,2024
202408,504,MAR,Morocco,1193599.0,2024-08-01,2024
202408,508,MOZ,Mozambique,1260509.0,2024-08-01,2024
202408,512,OMN,Oman,1427465.0,2024-08-01,2024
202408,516,NAM,Namibia,525526.0,2024-08-01,2024
202408,524,NPL,Nepal,561515.0,2024-08-01,2024
202408,527,O19,"Oceania, nes",40217.0,2024-08-01,2024
202408,528,NLD,Netherlands,307506376.0,2024-08-01,2024
202408,531,CUW,Curaçao,70639.0,2024-08-01,2024
202408,533,ABW,Aruba,13233.0,2024-08-01,2024
202408,540,NCL,New Caledonia,30105.0,2024-08-01,2024
202408,548,VUT,Vanuatu,54171.0,2024-08-01,2024
202408,554,NZL,New Zealand,2918943.0,2024-08-01,2024
202408,558,NIC,Nicaragua,244282.0,2024-08-01,2024
202408,562,NER,Niger,83839.0,2024-08-01,2024
202408,566,NGA,Nigeria,36770737.0,2024-08-01,2024
202408,568,E19,"Other Europe, nes",70.0,2024-08-01,2024
202408,579,NOR,Norway,4978623.0,2024-08-01,2024
202408,583,FSM,FS Micronesia,269835.0,2024-08-01,2024
202408,584,MHL,Marshall Isds,3011.0,2024-08-01,2024
202408,586,PAK,Pakistan,10717954.0,2024-08-01,2024
202408,591,PAN,Panama,3577389.0,2024-08-01,2024
202408,598,PNG,Papua New Guinea,408313.0,2024-08-01,2024
202408,600,PRY,Paraguay,118248.0,2024-08-01,2024
202408,604,PER,Peru,1284301.0,2024-08-01,2024
202408,608,PHL,Philippines,12473730.0,2024-08-01,2024
202408,616,POL,Poland,72674658.0,2024-08-01,2024
202408,620,PRT,Portugal,5982632.0,2024-08-01,2024
202408,626,TLS,Timor-Leste,596.0,2024-08-01,2024
202408,634,QAT,Qatar,110369.0,2024-08-01,2024
202408,636,A79,"Rest of America, nes",199684.0,2024-08-01,2024
202408,642,ROU,Romania,10087341.0,2024-08-01,2024
202408,643,RUS,Russian Federation,18194887.0,2024-08-01,2024
202408,646,RWA,Rwanda,23173.0,2024-08-01,2024
202408,659,KNA,Saint Kitts and Nevis,2036.0,2024-08-01,2024
202408,662,LCA,Saint Lucia,11415.0,2024-08-01,2024
202408,670,VCT,Saint Vincent and the Grenadines,108232.0,2024-08-01,2024
202408,682,SAU,Saudi Arabia,9891074.0,2024-08-01,2024
202408,686,SEN,Senegal,2261768.0,2024-08-01,2024
202408,688,SRB,Serbia,3306337.0,2024-08-01,2024
202408,694,SLE,Sierra Leone,714398.0,2024-08-01,2024
202408,699,IND,India,192926261.0,2024-08-01,2024
202408,702,SGP,Singapore,11737315.0,2024-08-01,2024
202408,703,SVK,Slovakia,22232008.0,2024-08-01,2024
202408,704,VNM,Viet Nam,404353666.0,2024-08-01,2024
202408,705,SVN,Slovenia,17986451.0,2024-08-01,2024
202408,706,SOM,Somalia,214447.0,2024-08-01,2024
202408,710,ZAF,South Africa,21569932.0,2024-08-01,2024
202408,716,ZWE,Zimbabwe,4525309.0,2024-08-01,2024
202408,724,ESP,Spain,145725244.0,2024-08-01,2024
202408,728,SSD,South Sudan,581788.0,2024-08-01,2024
202408,740,SUR,Suriname,607.0,2024-08-01,2024
202408,748,SWZ,Eswatini,236.0,2024-08-01,2024
202408,752,SWE,Sweden,9305387.0,2024-08-01,2024
202408,757,CHE,Switzerland,2800889.0,2024-08-01,2024
202408,760,SYR,Syria,163408.0,2024-08-01,2024
202408,762,TJK,Tajikistan,27802.0,2024-08-01,2024
202408,764,THA,Thailand,46117292.0,2024-08-01,2024
202408,768,TGO,Togo,756709.0,2024-08-01,2024
202408,780,TTO,Trinidad and Tobago,44334.0,2024-08-01,2024
202408,784,ARE,United Arab Emirates,39532410.0,2024-08-01,2024
202408,788,TUN,Tunisia,203820.0,2024-08-01,2024
202408,792,TUR,Türkiye,35862654.0,2024-08-01,2024
202408,796,TCA,Turks and Caicos Isds,25704.0,2024-08-01,2024
202408,800,UGA,Uganda,1487619.0,2024-08-01,2024
202408,804,UKR,Ukraine,13072380.0,2024-08-01,2024
202408,807,MKD,North Macedonia,1956.0,2024-08-01,2024
202408,818,EGY,Egypt,3217975.0,2024-08-01,2024
202408,826,GBR,United Kingdom,134210801.0,2024-08-01,2024
202408,834,TZA,United Rep. of Tanzania,1714759.0,2024-08-01,2024
202408,842,USA,USA,1383450485.0,2024-08-01,2024
202408,854,BFA,Burkina Faso,670230.0,2024-08-01,2024
202408,858,URY,Uruguay,804141.0,2024-08-01,2024
202408,860,UZB,Uzbekistan,60932939.0,2024-08-01,2024
202408,862,VEN,Venezuela,726165.0,2024-08-01,2024
202408,887,YEM,Yemen,2127986.0,2024-08-01,2024
202408,894,ZMB,Zambia,2695459.0,2024-08-01,2024
202408,899,_X ,"Areas, nes",106343.0,2024-08-01,2024
202409,4,AFG,Afghanistan,321056.0,2024-09-01,2024
202409,8,ALB,Albania,15431.0,2024-09-01,2024
202409,12,DZA,Algeria,938373.0,2024-09-01,2024
202409,24,AGO,Angola,503524.0,2024-09-01,2024
202409,28,ATG,Antigua and Barbuda,43686.0,2024-09-01,2024
202409,32,ARG,Argentina,10511594.0,2024-09-01,2024
202409,36,AUS,Australia,235598809.0,2024-09-01,2024
202409,40,AUT,Austria,16091191.0,2024-09-01,2024
202409,44,BHS,Bahamas,53091.0,2024-09-01,2024
202409,48,BHR,Bahrain,41445.0,2024-09-01,2024
202409,50,BGD,Bangladesh,3737607.0,2024-09-01,2024
202409,52,BRB,Barbados,47421.0,2024-09-01,2024
202409,56,BEL,Belgium,65138608.0,2024-09-01,2024
202409,64,BTN,Bhutan,7949.0,2024-09-01,2024
202409,68,BOL,Bolivia (Plurinational State of),78218.0,2024-09-01,2024
202409,70,BIH,Bosnia Herzegovina,3045.0,2024-09-01,2024
202409,72,BWA,Botswana,2372.0,2024-09-01,2024
202409,76,BRA,Brazil,39489398.0,2024-09-01,2024
202409,84,BLZ,Belize,68007.0,2024-09-01,2024
202409,90,SLB,Solomon Isds,140317.0,2024-09-01,2024
202409,96,BRN,Brunei Darussalam,2091.0,2024-09-01,2024
202409,100,BGR,Bulgaria,17524019.0,2024-09-01,2024
202409,104,MMR,Myanmar,2988758.0,2024-09-01,2024
202409,112,BLR,Belarus,599600.0,2024-09-01,2024
202409,116,KHM,Cambodia,3551915.0,2024-09-01,2024
202409,120,CMR,Cameroon,1584191.0,2024-09-01,2024
202409,124,CAN,Canada,31780898.0,2024-09-01,2024
202409,132,CPV,Cabo Verde,379.0,2024-09-01,2024
202409,136,CYM,Cayman Isds,50106.0,2024-09-01,2024
202409,140,CAF,Central African Rep.,210156.0,2024-09-01,2024
202409,144,LKA,Sri Lanka,297165.0,2024-09-01,2024
202409,148,TCD,Chad,1666602.0,2024-09-01,2024
202409,152,CHL,Chile,27458785.0,2024-09-01,2024
202409,170,COL,Colombia,3788793.0,2024-09-01,2024
202409,178,COG,Congo,19099.0,2024-09-01,2024
202409,180,COD,Dem. Rep. of the Congo,166510.0,2024-09-01,2024
202409,188,CRI,Costa Rica,228703.0,2024-09-01,2024
202409,191,HRV,Croatia,1169079.0,2024-09-01,2024
202409,196,CYP,Cyprus,150400.0,2024-09-01,2024
202409,203,CZE,Czechia,45736117.0,2024-09-01,2024
202409,204,BEN,Benin,464122.0,2024-09-01,2024
202409,208,DNK,Denmark,7354614.0,2024-09-01,2024
202409,212,DMA,Dominica,1086528.0,2024-09-01,2024
202409,214,DOM,Dominican Rep.,1826719.0,2024-09-01,2024
202409,218,ECU,Ecuador,281152.0,2024-09-01,2024
202409,222,SLV,El Salvador,105593.0,2024-09-01,2024
202409,231,ETH,Ethiopia,263315.0,2024-09-01,2024
202409,232,ERI,Eritrea,781900.0,2024-09-01,2024
202409,233,EST,Estonia,1996794.0,2024-09-01,2024
202409,242,FJI,Fiji,431715.0,2024-09-01,2024
202409,246,FIN,Finland,66490884.0,2024-09-01,2024
202409,251,FRA,France,86947436.0,2024-09-01,2024
202409,258,PYF,French Polynesia,218777.0,2024-09-01,2024
202409,262,DJI,Djibouti,561949.0,2024-09-01,2024
202409,270,GMB,Gambia,5123.0,2024-09-01,2024
202409,275,PSE,State of Palestine,149618.0,2024-09-01,2024
202409,276,DEU,Germany,898524012.0,2024-09-01,2024
202409,288,GHA,Ghana,1120722.0,2024-09-01,2024
202409,300,GRC,Greece,4365231.0,2024-09-01,2024
202409,308,GRD,Grenada,20438.0,2024-09-01,2024
202409,320,GTM,Guatemala,540479.0,2024-09-01,2024
202409,324,GIN,Guinea,2270217.0,2024-09-01,2024
202409,328,GUY,Guyana,69321.0,2024-09-01,2024
202409,332,HTI,Haiti,208061.0,2024-09-01,2024
202409,340,HND,Honduras,219778.0,2024-09-01,2024
202409,344,HKG,"China, Hong Kong SAR",102056721.0,2024-09-01,2024
202409,348,HUN,Hungary,79152952.0,2024-09-01,2024
202409,352,ISL,Iceland,220878.0,2024-09-01,2024
202409,360,IDN,Indonesia,29146630.0,2024-09-01,2024
202409,364,IRN,Iran,87487.0,2024-09-01,2024
202409,368,IRQ,Iraq,4108702.0,2024-09-01,2024
202409,372,IRL,Ireland,4617558.0,2024-09-01,2024
202409,376,ISR,Israel,24172829.0,2024-09-01,2024
202409,380,ITA,Italy,16734712.0,2024-09-01,2024
202409,384,CIV,Côte d'Ivoire,531055.0,2024-09-01,2024
202409,388,JAM,Jamaica,1249855.0,2024-09-01,2024
202409,392,JPN,Japan,171463530.0,2024-09-01,2024
202409,398,KAZ,Kazakhstan,1428566.0,2024-09-01,2024
202409,400,JOR,Jordan,3599989.0,2024-09-01,2024
202409,404,KEN,Kenya,3627545.0,2024-09-01,2024
202409,410,KOR,Rep. of Korea,272057300.0,2024-09-01,2024
202409,414,KWT,Kuwait,312449.0,2024-09-01,2024
202409,417,KGZ,Kyrgyzstan,785780.0,2024-09-01,2024
202409,418,LAO,Lao People's Dem. Rep.,83018.0,2024-09-01,2024
202409,422,LBN,Lebanon,4899769.0,2024-09-01,2024
202409,428,LVA,Latvia,221633.0,2024-09-01,2024
202409,430,LBR,Liberia,220824.0,2024-09-01,2024
202409,434,LBY,Libya,283042.0,2024-09-01,2024
202409,440,LTU,Lithuania,1083062.0,2024-09-01,2024
202409,442,LUX,Luxembourg,5149.0,2024-09-01,2024
202409,446,MAC,"China, Macao SAR",6474.0,2024-09-01,2024
202409,450,MDG,Madagascar,242355.0,2024-09-01,2024
202409,454,MWI,Malawi,87961.0,2024-09-01,2024
202409,458,MYS,Malaysia,20066673.0,2024-09-01,2024
202409,462,MDV,Maldives,30786.0,2024-09-01,2024
202409,466,MLI,Mali,3843744.0,2024-09-01,2024
202409,470,MLT,Malta,67327.0,2024-09-01,2024
202409,478,MRT,Mauritania,149989.0,2024-09-01,2024
202409,480,MUS,Mauritius,304656.0,2024-09-01,2024
202409,484,MEX,Mexico,48145334.0,2024-09-01,2024
202409,490,S19,"Other Asia, nes",58879056.0,2024-09-01,2024
202409,496,MNG,Mongolia,18884883.0,2024-09-01,2024
202409,498,MDA,Rep. of Moldova,188924.0,2024-09-01,2024
202409,499,MNE,Montenegro,13374.0,2024-09-01,2024
202409,504,MAR,Morocco,1910493.0,2024-09-01,2024
202409,508,MOZ,Mozambique,2042893.0,2024-09-01,2024
202409,512,OMN,Oman,729381.0,2024-09-01,2024
202409,516,NAM,Namibia,237308.0,2024-09-01,2024
202409,520,NRU,Nauru,6039.0,2024-09-01,2024
202409,524,NPL,Nepal,569043.0,2024-09-01,2024
202409,527,O19,"Oceania, nes",161418.0,2024-09-01,2024
202409,528,NLD,Netherlands,224196282.0,2024-09-01,2024
202409,531,CUW,Curaçao,2601.0,2024-09-01,2024
202409,533,ABW,Aruba,22197.0,2024-09-01,2024
202409,540,NCL,New Caledonia,177187.0,2024-09-01,2024
202409,548,VUT,Vanuatu,351956.0,2024-09-01,2024
202409,554,NZL,New Zealand,3006682.0,2024-09-01,2024
202409,558,NIC,Nicaragua,472592.0,2024-09-01,2024
202409,562,NER,Niger,102208.0,2024-09-01,2024
202409,566,NGA,Nigeria,25498235.0,2024-09-01,2024
202409,579,NOR,Norway,4572402.0,2024-09-01,2024
202409,583,FSM,FS Micronesia,125625.0,2024-09-01,2024
202409,586,PAK,Pakistan,9552139.0,2024-09-01,2024
202409,591,PAN,Panama,4590268.0,2024-09-01,2024
202409,598,PNG,Papua New Guinea,13934.0,2024-09-01,2024
202409,600,PRY,Paraguay,296152.0,2024-09-01,2024
202409,604,PER,Peru,2009981.0,2024-09-01,2024
202409,608,PHL,Philippines,10618490.0,2024-09-01,2024
202409,616,POL,Poland,78213271.0,2024-09-01,2024
202409,620,PRT,Portugal,1646213.0,2024-09-01,2024
202409,624,GNB,Guinea-Bissau,13954.0,2024-09-01,2024
202409,634,QAT,Qatar,222342.0,2024-09-01,2024
202409,636,A79,"Rest of America, nes",58495.0,2024-09-01,2024
202409,642,ROU,Romania,19651105.0,2024-09-01,2024
202409,643,RUS,Russian Federation,23095265.0,2024-09-01,2024
202409,646,RWA,Rwanda,313473.0,2024-09-01,2024
202409,662,LCA,Saint Lucia,21916.0,2024-09-01,2024
202409,682,SAU,Saudi Arabia,59962445.0,2024-09-01,2024
202409,686,SEN,Senegal,1750656.0,2024-09-01,2024
202409,688,SRB,Serbia,11494716.0,2024-09-01,2024
202409,690,SYC,Seychelles,35801.0,2024-09-01,2024
202409,694,SLE,Sierra Leone,183679.0,2024-09-01,2024
202409,699,IND,India,180841675.0,2024-09-01,2024
202409,702,SGP,Singapore,10398897.0,2024-09-01,2024
202409,703,SVK,Slovakia,51959143.0,2024-09-01,2024
202409,704,VNM,Viet Nam,263608761.0,2024-09-01,2024
202409,705,SVN,Slovenia,44477327.0,2024-09-01,2024
202409,706,SOM,Somalia,570394.0,2024-09-01,2024
202409,710,ZAF,South Africa,13559145.0,2024-09-01,2024
202409,716,ZWE,Zimbabwe,2890915.0,2024-09-01,2024
202409,724,ESP,Spain,122679200.0,2024-09-01,2024
202409,740,SUR,Suriname,103458.0,2024-09-01,2024
202409,752,SWE,Sweden,19489326.0,2024-09-01,2024
202409,757,CHE,Switzerland,3551502.0,2024-09-01,2024
202409,760,SYR,Syria,9084.0,2024-09-01,2024
202409,762,TJK,Tajikistan,306.0,2024-09-01,2024
202409,764,THA,Thailand,42285866.0,2024-09-01,2024
202409,768,TGO,Togo,763432.0,2024-09-01,2024
202409,776,TON,Tonga,583.0,2024-09-01,2024
202409,780,TTO,Trinidad and Tobago,32883.0,2024-09-01,2024
202409,784,ARE,United Arab Emirates,20349402.0,2024-09-01,2024
202409,788,TUN,Tunisia,547165.0,2024-09-01,2024
202409,792,TUR,Türkiye,40114085.0,2024-09-01,2024
202409,795,TKM,Turkmenistan,864.0,2024-09-01,2024
202409,800,UGA,Uganda,2585602.0,2024-09-01,2024
202409,804,UKR,Ukraine,25136648.0,2024-09-01,2024
202409,807,MKD,North Macedonia,3614.0,2024-09-01,2024
202409,818,EGY,Egypt,2056959.0,2024-09-01,2024
202409,826,GBR,United Kingdom,118661903.0,2024-09-01,2024
202409,834,TZA,United Rep. of Tanzania,1045977.0,2024-09-01,2024
202409,842,USA,USA,1338260621.0,2024-09-01,2024
202409,854,BFA,Burkina Faso,1905008.0,2024-09-01,2024
202409,858,URY,Uruguay,876569.0,2024-09-01,2024
202409,860,UZB,Uzbekistan,33917980.0,2024-09-01,2024
202409,862,VEN,Venezuela,1574334.0,2024-09-01,2024
202409,887,YEM,Yemen,901378.0,2024-09-01,2024
202409,894,ZMB,Zambia,4538077.0,2024-09-01,2024
202409,899,_X ,"Areas, nes",304011.0,2024-09-01,2024
202410,8,ALB,Albania,20794.0,2024-10-01,2024
202410,12,DZA,Algeria,742608.0,2024-10-01,2024
202410,24,AGO,Angola,16489.0,2024-10-01,2024
202410,28,ATG,Antigua and Barbuda,3000.0,2024-10-01,2024
202410,32,ARG,Argentina,3130843.0,2024-10-01,2024
202410,36,AUS,Australia,159083066.0,2024-10-01,2024
202410,40,AUT,Austria,11659049.0,2024-10-01,2024
202410,44,BHS,Bahamas,357467.0,2024-10-01,2024
202410,48,BHR,Bahrain,130957.0,2024-10-01,2024
202410,50,BGD,Bangladesh,2810295.0,2024-10-01,2024
202410,52,BRB,Barbados,8686.0,2024-10-01,2024
202410,56,BEL,Belgium,62941404.0,2024-10-01,2024
202410,68,BOL,Bolivia (Plurinational State of),97300.0,2024-10-01,2024
202410,70,BIH,Bosnia Herzegovina,14.0,2024-10-01,2024
202410,72,BWA,Botswana,958391.0,2024-10-01,2024
202410,76,BRA,Brazil,36114003.0,2024-10-01,2024
202410,84,BLZ,Belize,33720.0,2024-10-01,2024
202410,90,SLB,Solomon Isds,1097.0,2024-10-01,2024
202410,92,VGB,Br. Virgin Isds,24174.0,2024-10-01,2024
202410,96,BRN,Brunei Darussalam,3198.0,2024-10-01,2024
202410,100,BGR,Bulgaria,9374149.0,2024-10-01,2024
202410,104,MMR,Myanmar,1645271.0,2024-10-01,2024
202410,108,BDI,Burundi,19391.0,2024-10-01,2024
202410,112,BLR,Belarus,369711.0,2024-10-01,2024
202410,116,KHM,Cambodia,870960.0,2024-10-01,2024
202410,120,CMR,Cameroon,8747710.0,2024-10-01,2024
202410,124,CAN,Canada,33426970.0,2024-10-01,2024
202410,132,CPV,Cabo Verde,97872.0,2024-10-01,2024
202410,136,CYM,Cayman Isds,7835.0,2024-10-01,2024
202410,140,CAF,Central African Rep.,617538.0,2024-10-01,2024
202410,144,LKA,Sri Lanka,2114583.0,2024-10-01,2024
202410,148,TCD,Chad,69811.0,2024-10-01,2024
202410,152,CHL,Chile,76920349.0,2024-10-01,2024
202410,170,COL,Colombia,3891150.0,2024-10-01,2024
202410,174,COM,Comoros,27816.0,2024-10-01,2024
202410,178,COG,Congo,11474.0,2024-10-01,2024
202410,180,COD,Dem. Rep. of the Congo,1267648.0,2024-10-01,2024
202410,188,CRI,Costa Rica,168280.0,2024-10-01,2024
202410,191,HRV,Croatia,1342145.0,2024-10-01,2024
202410,192,CUB,Cuba,493883.0,2024-10-01,2024
202410,196,CYP,Cyprus,88464.0,2024-10-01,2024
202410,203,CZE,Czechia,52292837.0,2024-10-01,2024
202410,204,BEN,Benin,306834.0,2024-10-01,2024
202410,208,DNK,Denmark,7769355.0,2024-10-01,2024
202410,212,DMA,Dominica,47581.0,2024-10-01,2024
202410,214,DOM,Dominican Rep.,4923919.0,2024-10-01,2024
202410,218,ECU,Ecuador,680657.0,2024-10-01,2024
202410,222,SLV,El Salvador,68925.0,2024-10-01,2024
202410,231,ETH,Ethiopia,8253586.0,2024-10-01,2024
202410,233,EST,Estonia,1219012.0,2024-10-01,2024
202410,242,FJI,Fiji,17648.0,2024-10-01,2024
202410,246,FIN,Finland,81804751.0,2024-10-01,2024
202410,251,FRA,France,105707959.0,2024-10-01,2024
202410,258,PYF,French Polynesia,120116.0,2024-10-01,2024
202410,262,DJI,Djibouti,186594.0,2024-10-01,2024
202410,266,GAB,Gabon,48831.0,2024-10-01,2024
202410,270,GMB,Gambia,35365.0,2024-10-01,2024
202410,275,PSE,State of Palestine,217031.0,2024-10-01,2024
202410,276,DEU,Germany,814613749.0,2024-10-01,2024
202410,288,GHA,Ghana,421668.0,2024-10-01,2024
202410,296,KIR,Kiribati,67403.0,2024-10-01,2024
202410,300,GRC,Greece,2317254.0,2024-10-01,2024
202410,308,GRD,Grenada,7206.0,2024-10-01,2024
202410,320,GTM,Guatemala,358162.0,2024-10-01,2024
202410,324,GIN,Guinea,1023900.0,2024-10-01,2024
202410,328,GUY,Guyana,256517.0,2024-10-01,2024
202410,332,HTI,Haiti,147154.0,2024-10-01,2024
202410,340,HND,Honduras,589078.0,2024-10-01,2024
202410,344,HKG,"China, Hong Kong SAR",92009783.0,2024-10-01,2024
202410,348,HUN,Hungary,74108896.0,2024-10-01,2024
202410,352,ISL,Iceland,94409.0,2024-10-01,2024
202410,360,IDN,Indonesia,28262201.0,2024-10-01,2024
202410,364,IRN,Iran,2320954.0,2024-10-01,2024
202410,368,IRQ,Iraq,2355894.0,2024-10-01,2024
202410,372,IRL,Ireland,2606893.0,2024-10-01,2024
202410,376,ISR,Israel,23516906.0,2024-10-01,2024
202410,380,ITA,Italy,27515850.0,2024-10-01,2024
202410,384,CIV,Côte d'Ivoire,445522.0,2024-10-01,2024
202410,388,JAM,Jamaica,1859330.0,2024-10-01,2024
202410,392,JPN,Japan,207574412.0,2024-10-01,2024
202410,398,KAZ,Kazakhstan,1845209.0,2024-10-01,2024
202410,400,JOR,Jordan,3510180.0,2024-10-01,2024
202410,404,KEN,Kenya,4337363.0,2024-10-01,2024
202410,410,KOR,Rep. of Korea,316609343.0,2024-10-01,2024
202410,414,KWT,Kuwait,88374.0,2024-10-01,2024
202410,417,KGZ,Kyrgyzstan,933565.0,2024-10-01,2024
202410,418,LAO,Lao People's Dem. Rep.,177971.0,2024-10-01,2024
202410,422,LBN,Lebanon,4668387.0,2024-10-01,2024
202410,428,LVA,Latvia,30140102.0,2024-10-01,2024
202410,430,LBR,Liberia,137066.0,2024-10-01,2024
202410,434,LBY,Libya,1223449.0,2024-10-01,2024
202410,440,LTU,Lithuania,2393527.0,2024-10-01,2024
202410,446,MAC,"China, Macao SAR",1095046.0,2024-10-01,2024
202410,450,MDG,Madagascar,391496.0,2024-10-01,2024
202410,454,MWI,Malawi,333796.0,2024-10-01,2024
202410,458,MYS,Malaysia,26090122.0,2024-10-01,2024
202410,462,MDV,Maldives,35909.0,2024-10-01,2024
202410,466,MLI,Mali,2138512.0,2024-10-01,2024
202410,470,MLT,Malta,25927.0,2024-10-01,2024
202410,478,MRT,Mauritania,596898.0,2024-10-01,2024
202410,480,MUS,Mauritius,63489.0,2024-10-01,2024
202410,484,MEX,Mexico,62524565.0,2024-10-01,2024
202410,490,S19,"Other Asia, nes",50886620.0,2024-10-01,2024
202410,496,MNG,Mongolia,35941495.0,2024-10-01,2024
202410,498,MDA,Rep. of Moldova,250.0,2024-10-01,2024
202410,499,MNE,Montenegro,641.0,2024-10-01,2024
202410,504,MAR,Morocco,807932.0,2024-10-01,2024
202410,508,MOZ,Mozambique,3015257.0,2024-10-01,2024
202410,512,OMN,Oman,1266053.0,2024-10-01,2024
202410,516,NAM,Namibia,4585.0,2024-10-01,2024
202410,520,NRU,Nauru,2246562.0,2024-10-01,2024
202410,524,NPL,Nepal,41405.0,2024-10-01,2024
202410,527,O19,"Oceania, nes",93550.0,2024-10-01,2024
202410,528,NLD,Netherlands,234512882.0,2024-10-01,2024
202410,531,CUW,Curaçao,72080.0,2024-10-01,2024
202410,533,ABW,Aruba,21870.0,2024-10-01,2024
202410,540,NCL,New Caledonia,122855.0,2024-10-01,2024
202410,548,VUT,Vanuatu,90280.0,2024-10-01,2024
202410,554,NZL,New Zealand,3093371.0,2024-10-01,2024
202410,558,NIC,Nicaragua,175576.0,2024-10-01,2024
202410,566,NGA,Nigeria,23935631.0,2024-10-01,2024
202410,568,E19,"Other Europe, nes",23.0,2024-10-01,2024
202410,579,NOR,Norway,2395393.0,2024-10-01,2024
202410,586,PAK,Pakistan,10279127.0,2024-10-01,2024
202410,591,PAN,Panama,3319969.0,2024-10-01,2024
202410,598,PNG,Papua New Guinea,140934.0,2024-10-01,2024
202410,600,PRY,Paraguay,614949.0,2024-10-01,2024
202410,604,PER,Peru,3389586.0,2024-10-01,2024
202410,608,PHL,Philippines,13785058.0,2024-10-01,2024
202410,616,POL,Poland,78321718.0,2024-10-01,2024
202410,620,PRT,Portugal,3051953.0,2024-10-01,2024
202410,624,GNB,Guinea-Bissau,5005.0,2024-10-01,2024
202410,626,TLS,Timor-Leste,758.0,2024-10-01,2024
202410,634,QAT,Qatar,294129.0,2024-10-01,2024
202410,636,A79,"Rest of America, nes",36284.0,2024-10-01,2024
202410,642,ROU,Romania,9475417.0,2024-10-01,2024
202410,643,RUS,Russian Federation,36766942.0,2024-10-01,2024
202410,646,RWA,Rwanda,373648.0,2024-10-01,2024
202410,662,LCA,Saint Lucia,7168.0,2024-10-01,2024
202410,670,VCT,Saint Vincent and the Grenadines,32506.0,2024-10-01,2024
202410,682,SAU,Saudi Arabia,62592034.0,2024-10-01,2024
202410,686,SEN,Senegal,927820.0,2024-10-01,2024
202410,688,SRB,Serbia,6003989.0,2024-10-01,2024
202410,690,SYC,Seychelles,18827.0,2024-10-01,2024
202410,694,SLE,Sierra Leone,191011.0,2024-10-01,2024
202410,699,IND,India,193919860.0,2024-10-01,2024
202410,702,SGP,Singapore,13859624.0,2024-10-01,2024
202410,703,SVK,Slovakia,73181809.0,2024-10-01,2024
202410,704,VNM,Viet Nam,312642874.0,2024-10-01,2024
202410,705,SVN,Slovenia,22369915.0,2024-10-01,2024
202410,706,SOM,Somalia,5649.0,2024-10-01,2024
202410,710,ZAF,South Africa,64610244.0,2024-10-01,2024
202410,716,ZWE,Zimbabwe,5296467.0,2024-10-01,2024
202410,724,ESP,Spain,141387308.0,2024-10-01,2024
202410,729,SDN,Sudan,429040.0,2024-10-01,2024
202410,740,SUR,Suriname,32229.0,2024-10-01,2024
202410,748,SWZ,Eswatini,4790.0,2024-10-01,2024
202410,752,SWE,Sweden,17910713.0,2024-10-01,2024
202410,757,CHE,Switzerland,4733802.0,2024-10-01,2024
202410,760,SYR,Syria,716163.0,2024-10-01,2024
202410,762,TJK,Tajikistan,541355.0,2024-10-01,2024
202410,764,THA,Thailand,45292896.0,2024-10-01,2024
202410,768,TGO,Togo,509680.0,2024-10-01,2024
202410,780,TTO,Trinidad and Tobago,49534.0,2024-10-01,2024
202410,784,ARE,United Arab Emirates,17897220.0,2024-10-01,2024
202410,788,TUN,Tunisia,133982.0,2024-10-01,2024
202410,792,TUR,Türkiye,30051377.0,2024-10-01,2024
202410,800,UGA,Uganda,1473770.0,2024-10-01,2024
202410,804,UKR,Ukraine,23093466.0,2024-10-01,2024
202410,807,MKD,North Macedonia,1249505.0,2024-10-01,2024
202410,818,EGY,Egypt,3004675.0,2024-10-01,2024
202410,826,GBR,United Kingdom,147022306.0,2024-10-01,2024
202410,834,TZA,United Rep. of Tanzania,2178292.0,2024-10-01,2024
202410,842,USA,USA,1439075631.0,2024-10-01,2024
202410,854,BFA,Burkina Faso,1057142.0,2024-10-01,2024
202410,858,URY,Uruguay,1048156.0,2024-10-01,2024
202410,860,UZB,Uzbekistan,3736410.0,2024-10-01,2024
202410,862,VEN,Venezuela,1115780.0,2024-10-01,2024
202410,887,YEM,Yemen,1071625.0,2024-10-01,2024
202410,894,ZMB,Zambia,5746954.0,2024-10-01,2024
202410,899,_X ,"Areas, nes",138928.0,2024-10-01,2024
202411,4,AFG,Afghanistan,330250.0,2024-11-01,2024
202411,8,ALB,Albania,57049.0,2024-11-01,2024
202411,12,DZA,Algeria,540821.0,2024-11-01,2024
202411,24,AGO,Angola,390461.0,2024-11-01,2024
202411,32,ARG,Argentina,3978817.0,2024-11-01,2024
202411,36,AUS,Australia,233346278.0,2024-11-01,2024
202411,40,AUT,Austria,14843346.0,2024-11-01,2024
202411,44,BHS,Bahamas,16900.0,2024-11-01,2024
202411,48,BHR,Bahrain,5732.0,2024-11-01,2024
202411,50,BGD,Bangladesh,4785679.0,2024-11-01,2024
202411,52,BRB,Barbados,54466.0,2024-11-01,2024
202411,56,BEL,Belgium,59257429.0,2024-11-01,2024
202411,68,BOL,Bolivia (Plurinational State of),679496.0,2024-11-01,2024
202411,70,BIH,Bosnia Herzegovina,72000.0,2024-11-01,2024
202411,72,BWA,Botswana,374920.0,2024-11-01,2024
202411,76,BRA,Brazil,30303638.0,2024-11-01,2024
202411,84,BLZ,Belize,253106.0,2024-11-01,2024
202411,90,SLB,Solomon Isds,1270512.0,2024-11-01,2024
202411,96,BRN,Brunei Darussalam,24822.0,2024-11-01,2024
202411,100,BGR,Bulgaria,8599575.0,2024-11-01,2024
202411,104,MMR,Myanmar,12007820.0,2024-11-01,2024
202411,108,BDI,Burundi,28230.0,2024-11-01,2024
202411,112,BLR,Belarus,431980.0,2024-11-01,2024
202411,116,KHM,Cambodia,5054515.0,2024-11-01,2024
202411,120,CMR,Cameroon,1931332.0,2024-11-01,2024
202411,124,CAN,Canada,29514531.0,2024-11-01,2024
202411,140,CAF,Central African Rep.,52075.0,2024-11-01,2024
202411,144,LKA,Sri Lanka,1904903.0,2024-11-01,2024
202411,148,TCD,Chad,36681.0,2024-11-01,2024
202411,152,CHL,Chile,68041148.0,2024-11-01,2024
202411,170,COL,Colombia,3918225.0,2024-11-01,2024
202411,174,COM,Comoros,54500.0,2024-11-01,2024
202411,178,COG,Congo,580606.0,2024-11-01,2024
202411,180,COD,Dem. Rep. of the Congo,2535327.0,2024-11-01,2024
202411,188,CRI,Costa Rica,345187.0,2024-11-01,2024
202411,191,HRV,Croatia,1804822.0,2024-11-01,2024
202411,192,CUB,Cuba,218177.0,2024-11-01,2024
202411,196,CYP,Cyprus,306263.0,2024-11-01,2024
202411,203,CZE,Czechia,58254263.0,2024-11-01,2024
202411,204,BEN,Benin,426897.0,2024-11-01,2024
202411,208,DNK,Denmark,13007413.0,2024-11-01,2024
202411,212,DMA,Dominica,29662.0,2024-11-01,2024
202411,214,DOM,Dominican Rep.,674091.0,2024-11-01,2024
202411,218,ECU,Ecuador,2372791.0,2024-11-01,2024
202411,222,SLV,El Salvador,76970.0,2024-11-01,2024
202411,231,ETH,Ethiopia,4144073.0,2024-11-01,2024
202411,232,ERI,Eritrea,697076.0,2024-11-01,2024
202411,233,EST,Estonia,1908220.0,2024-11-01,2024
202411,242,FJI,Fiji,23347.0,2024-11-01,2024
202411,246,FIN,Finland,34900675.0,2024-11-01,2024
202411,251,FRA,France,71560527.0,2024-11-01,2024
202411,258,PYF,French Polynesia,232891.0,2024-11-01,2024
202411,262,DJI,Djibouti,584757.0,2024-11-01,2024
202411,266,GAB,Gabon,1154.0,2024-11-01,2024
202411,270,GMB,Gambia,189478.0,2024-11-01,2024
202411,275,PSE,State of Palestine,300817.0,2024-11-01,2024
202411,276,DEU,Germany,784201853.0,2024-11-01,2024
202411,288,GHA,Ghana,14250555.0,2024-11-01,2024
202411,296,KIR,Kiribati,9017.0,2024-11-01,2024
202411,300,GRC,Greece,2843054.0,2024-11-01,2024
202411,308,GRD,Grenada,8806.0,2024-11-01,2024
202411,320,GTM,Guatemala,579278.0,2024-11-01,2024
202411,324,GIN,Guinea,214637.0,2024-11-01,2024
202411,328,GUY,Guyana,40570.0,2024-11-01,2024
202411,332,HTI,Haiti,506893.0,2024-11-01,2024
202411,340,HND,Honduras,289675.0,2024-11-01,2024
202411,344,HKG,"China, Hong Kong SAR",108639836.0,2024-11-01,2024
202411,348,HUN,Hungary,113467534.0,2024-11-01,2024
202411,352,ISL,Iceland,116057.0,2024-11-01,2024
202411,360,IDN,Indonesia,34598859.0,2024-11-01,2024
202411,364,IRN,Iran,371889.0,2024-11-01,2024
202411,368,IRQ,Iraq,5404446.0,2024-11-01,2024
202411,372,IRL,Ireland,889609.0,2024-11-01,2024
202411,376,ISR,Israel,9618208.0,2024-11-01,2024
202411,380,ITA,Italy,32424873.0,2024-11-01,2024
202411,384,CIV,Côte d'Ivoire,5445344.0,2024-11-01,2024
202411,388,JAM,Jamaica,2267610.0,2024-11-01,2024
202411,392,JPN,Japan,226479745.0,2024-11-01,2024
202411,398,KAZ,Kazakhstan,3310932.0,2024-11-01,2024
202411,400,JOR,Jordan,4583518.0,2024-11-01,2024
202411,404,KEN,Kenya,4606096.0,2024-11-01,2024
202411,410,KOR,Rep. of Korea,419631957.0,2024-11-01,2024
202411,414,KWT,Kuwait,901488.0,2024-11-01,2024
202411,417,KGZ,Kyrgyzstan,507078.0,2024-11-01,2024
202411,418,LAO,Lao People's Dem. Rep.,38713.0,2024-11-01,2024
202411,422,LBN,Lebanon,3068002.0,2024-11-01,2024
202411,428,LVA,Latvia,301112.0,2024-11-01,2024
202411,430,LBR,Liberia,267429.0,2024-11-01,2024
202411,434,LBY,Libya,306866.0,2024-11-01,2024
202411,440,LTU,Lithuania,548444.0,2024-11-01,2024
202411,442,LUX,Luxembourg,33053.0,2024-11-01,2024
202411,446,MAC,"China, Macao SAR",159351.0,2024-11-01,2024
202411,450,MDG,Madagascar,860535.0,2024-11-01,2024
202411,454,MWI,Malawi,130085.0,2024-11-01,2024
202411,458,MYS,Malaysia,34981954.0,2024-11-01,2024
202411,462,MDV,Maldives,84023.0,2024-11-01,2024
202411,466,MLI,Mali,3793373.0,2024-11-01,2024
202411,470,MLT,Malta,40510.0,2024-11-01,2024
202411,478,MRT,Mauritania,79164.0,2024-11-01,2024
202411,480,MUS,Mauritius,129060.0,2024-11-01,2024
202411,484,MEX,Mexico,43571545.0,2024-11-01,2024
202411,490,S19,"Other Asia, nes",47874491.0,2024-11-01,2024
202411,496,MNG,Mongolia,5139266.0,2024-11-01,2024
202411,498,MDA,Rep. of Moldova,52097.0,2024-11-01,2024
202411,504,MAR,Morocco,2530695.0,2024-11-01,2024
202411,508,MOZ,Mozambique,3116181.0,2024-11-01,2024
202411,512,OMN,Oman,1267984.0,2024-11-01,2024
202411,516,NAM,Namibia,1578998.0,2024-11-01,2024
202411,524,NPL,Nepal,294024.0,2024-11-01,2024
202411,527,O19,"Oceania, nes",91390.0,2024-11-01,2024
202411,528,NLD,Netherlands,166508096.0,2024-11-01,2024
202411,531,CUW,Curaçao,149176.0,2024-11-01,2024
202411,533,ABW,Aruba,24610.0,2024-11-01,2024
202411,540,NCL,New Caledonia,147840.0,2024-11-01,2024
202411,548,VUT,Vanuatu,84416.0,2024-11-01,2024
202411,554,NZL,New Zealand,3577905.0,2024-11-01,2024
202411,558,NIC,Nicaragua,223922.0,2024-11-01,2024
202411,562,NER,Niger,305002.0,2024-11-01,2024
202411,566,NGA,Nigeria,27524851.0,2024-11-01,2024
202411,579,NOR,Norway,4700783.0,2024-11-01,2024
202411,583,FSM,FS Micronesia,29.0,2024-11-01,2024
202411,584,MHL,Marshall Isds,880.0,2024-11-01,2024
202411,586,PAK,Pakistan,13543475.0,2024-11-01,2024
202411,591,PAN,Panama,5523649.0,2024-11-01,2024
202411,598,PNG,Papua New Guinea,154987.0,2024-11-01,2024
202411,600,PRY,Paraguay,545355.0,2024-11-01,2024
202411,604,PER,Peru,2350340.0,2024-11-01,2024
202411,608,PHL,Philippines,12740871.0,2024-11-01,2024
202411,616,POL,Poland,54640394.0,2024-11-01,2024
202411,620,PRT,Portugal,2601429.0,2024-11-01,2024
202411,626,TLS,Timor-Leste,318.0,2024-11-01,2024
202411,634,QAT,Qatar,108042.0,2024-11-01,2024
202411,636,A79,"Rest of America, nes",38153.0,2024-11-01,2024
202411,642,ROU,Romania,17257456.0,2024-11-01,2024
202411,643,RUS,Russian Federation,30580047.0,2024-11-01,2024
202411,646,RWA,Rwanda,452050.0,2024-11-01,2024
202411,659,KNA,Saint Kitts and Nevis,57670.0,2024-11-01,2024
202411,662,LCA,Saint Lucia,7320.0,2024-11-01,2024
202411,682,SAU,Saudi Arabia,7453887.0,2024-11-01,2024
202411,686,SEN,Senegal,1956633.0,2024-11-01,2024
202411,688,SRB,Serbia,969950.0,2024-11-01,2024
202411,690,SYC,Seychelles,2508.0,2024-11-01,2024
202411,694,SLE,Sierra Leone,2641317.0,2024-11-01,2024
202411,699,IND,India,212396078.0,2024-11-01,2024
202411,702,SGP,Singapore,14879660.0,2024-11-01,2024
202411,703,SVK,Slovakia,41982009.0,2024-11-01,2024
202411,704,VNM,Viet Nam,308001232.0,2024-11-01,2024
202411,705,SVN,Slovenia,24848922.0,2024-11-01,2024
202411,706,SOM,Somalia,159807.0,2024-11-01,2024
202411,710,ZAF,South Africa,18105460.0,2024-11-01,2024
202411,716,ZWE,Zimbabwe,4098043.0,2024-11-01,2024
202411,724,ESP,Spain,73765896.0,2024-11-01,2024
202411,729,SDN,Sudan,1574986.0,2024-11-01,2024
202411,740,SUR,Suriname,381691.0,2024-11-01,2024
202411,748,SWZ,Eswatini,16250.0,2024-11-01,2024
202411,752,SWE,Sweden,6914256.0,2024-11-01,2024
202411,757,CHE,Switzerland,3666154.0,2024-11-01,2024
202411,760,SYR,Syria,13378.0,2024-11-01,2024
202411,762,TJK,Tajikistan,426779.0,2024-11-01,2024
202411,764,THA,Thailand,37833555.0,2024-11-01,2024
202411,768,TGO,Togo,223573.0,2024-11-01,2024
202411,776,TON,Tonga,72014.0,2024-11-01,2024
202411,780,TTO,Trinidad and Tobago,20829.0,2024-11-01,2024
202411,784,ARE,United Arab Emirates,28274830.0,2024-11-01,2024
202411,788,TUN,Tunisia,145088.0,2024-11-01,2024
202411,792,TUR,Türkiye,12041795.0,2024-11-01,2024
202411,800,UGA,Uganda,1277418.0,2024-11-01,2024
202411,804,UKR,Ukraine,25822258.0,2024-11-01,2024
202411,807,MKD,North Macedonia,45424.0,2024-11-01,2024
202411,818,EGY,Egypt,3939977.0,2024-11-01,2024
202411,826,GBR,United Kingdom,120414871.0,2024-11-01,2024
202411,834,TZA,United Rep. of Tanzania,2836491.0,2024-11-01,2024
202411,842,USA,USA,1864908301.0,2024-11-01,2024
202411,854,BFA,Burkina Faso,840728.0,2024-11-01,2024
202411,858,URY,Uruguay,1139258.0,2024-11-01,2024
202411,860,UZB,Uzbekistan,9768343.0,2024-11-01,2024
202411,862,VEN,Venezuela,400430.0,2024-11-01,2024
202411,882,WSM,Samoa,115703.0,2024-11-01,2024
202411,887,YEM,Yemen,1824047.0,2024-11-01,2024
202411,894,ZMB,Zambia,11271707.0,2024-11-01,2024
202411,899,_X ,"Areas, nes",587224.0,2024-11-01,2024
202412,4,AFG,Afghanistan,630070.0,2024-12-01,2024
202412,8,ALB,Albania,18869.0,2024-12-01,2024
202412,12,DZA,Algeria,941934.0,2024-12-01,2024
202412,24,AGO,Angola,46978.0,2024-12-01,2024
202412,28,ATG,Antigua and Barbuda,100492.0,2024-12-01,2024
202412,32,ARG,Argentina,5845914.0,2024-12-01,2024
202412,36,AUS,Australia,92674826.0,2024-12-01,2024
202412,40,AUT,Austria,29143411.0,2024-12-01,2024
202412,44,BHS,Bahamas,70685.0,2024-12-01,2024
202412,48,BHR,Bahrain,26988.0,2024-12-01,2024
202412,50,BGD,Bangladesh,6357360.0,2024-12-01,2024
202412,52,BRB,Barbados,4964.0,2024-12-01,2024
202412,56,BEL,Belgium,82350312.0,2024-12-01,2024
202412,68,BOL,Bolivia (Plurinational State of),273451.0,2024-12-01,2024
202412,70,BIH,Bosnia Herzegovina,337765.0,2024-12-01,2024
202412,72,BWA,Botswana,139.0,2024-12-01,2024
202412,76,BRA,Brazil,34671586.0,2024-12-01,2024
202412,84,BLZ,Belize,277639.0,2024-12-01,2024
202412,90,SLB,Solomon Isds,69446.0,2024-12-01,2024
202412,96,BRN,Brunei Darussalam,77172.0,2024-12-01,2024
202412,100,BGR,Bulgaria,5706923.0,2024-12-01,2024
202412,104,MMR,Myanmar,16275037.0,2024-12-01,2024
202412,112,BLR,Belarus,2253006.0,2024-12-01,2024
202412,116,KHM,Cambodia,4665000.0,2024-12-01,2024
202412,120,CMR,Cameroon,1414529.0,2024-12-01,2024
202412,124,CAN,Canada,30595260.0,2024-12-01,2024
202412,144,LKA,Sri Lanka,1415339.0,2024-12-01,2024
202412,148,TCD,Chad,848465.0,2024-12-01,2024
202412,152,CHL,Chile,32921018.0,2024-12-01,2024
202412,170,COL,Colombia,2592783.0,2024-12-01,2024
202412,174,COM,Comoros,582.0,2024-12-01,2024
202412,178,COG,Congo,134036.0,2024-12-01,2024
202412,180,COD,Dem. Rep. of the Congo,13203259.0,2024-12-01,2024
202412,188,CRI,Costa Rica,1842737.0,2024-12-01,2024
202412,191,HRV,Croatia,1474204.0,2024-12-01,2024
202412,192,CUB,Cuba,3142817.0,2024-12-01,2024
202412,196,CYP,Cyprus,174393.0,2024-12-01,2024
202412,203,CZE,Czechia,79903131.0,2024-12-01,2024
202412,204,BEN,Benin,599751.0,2024-12-01,2024
202412,208,DNK,Denmark,7787915.0,2024-12-01,2024
202412,212,DMA,Dominica,6117.0,2024-12-01,2024
202412,214,DOM,Dominican Rep.,1564041.0,2024-12-01,2024
202412,218,ECU,Ecuador,1953116.0,2024-12-01,2024
202412,222,SLV,El Salvador,114748.0,2024-12-01,2024
202412,231,ETH,Ethiopia,2825809.0,2024-12-01,2024
202412,232,ERI,Eritrea,16414.0,2024-12-01,2024
202412,233,EST,Estonia,3563989.0,2024-12-01,2024
202412,242,FJI,Fiji,169600.0,2024-12-01,2024
202412,246,FIN,Finland,39733428.0,2024-12-01,2024
202412,251,FRA,France,115739507.0,2024-12-01,2024
202412,258,PYF,French Polynesia,1014494.0,2024-12-01,2024
202412,262,DJI,Djibouti,324720.0,2024-12-01,2024
202412,266,GAB,Gabon,27179.0,2024-12-01,2024
202412,270,GMB,Gambia,332703.0,2024-12-01,2024
202412,275,PSE,State of Palestine,39764.0,2024-12-01,2024
202412,276,DEU,Germany,751295288.0,2024-12-01,2024
202412,288,GHA,Ghana,1296843.0,2024-12-01,2024
202412,300,GRC,Greece,1427962.0,2024-12-01,2024
202412,308,GRD,Grenada,86886.0,2024-12-01,2024
202412,320,GTM,Guatemala,519043.0,2024-12-01,2024
202412,324,GIN,Guinea,1026676.0,2024-12-01,2024
202412,328,GUY,Guyana,233376.0,2024-12-01,2024
202412,332,HTI,Haiti,939485.0,2024-12-01,2024
202412,340,HND,Honduras,1149003.0,2024-12-01,2024
202412,344,HKG,"China, Hong Kong SAR",99278130.0,2024-12-01,2024
202412,348,HUN,Hungary,66169779.0,2024-12-01,2024
202412,352,ISL,Iceland,99307.0,2024-12-01,2024
202412,360,IDN,Indonesia,40330655.0,2024-12-01,2024
202412,364,IRN,Iran,1616629.0,2024-12-01,2024
202412,368,IRQ,Iraq,4066517.0,2024-12-01,2024
202412,372,IRL,Ireland,4247688.0,2024-12-01,2024
202412,376,ISR,Israel,6072586.0,2024-12-01,2024
202412,380,ITA,Italy,51291938.0,2024-12-01,2024
202412,384,CIV,Côte d'Ivoire,6196554.0,2024-12-01,2024
202412,388,JAM,Jamaica,2626247.0,2024-12-01,2024
202412,392,JPN,Japan,200798413.0,2024-12-01,2024
202412,398,KAZ,Kazakhstan,2933382.0,2024-12-01,2024
202412,400,JOR,Jordan,2400265.0,2024-12-01,2024
202412,404,KEN,Kenya,4792604.0,2024-12-01,2024
202412,410,KOR,Rep. of Korea,335529850.0,2024-12-01,2024
202412,414,KWT,Kuwait,215312.0,2024-12-01,2024
202412,417,KGZ,Kyrgyzstan,389842.0,2024-12-01,2024
202412,418,LAO,Lao People's Dem. Rep.,3253.0,2024-12-01,2024
202412,422,LBN,Lebanon,3362438.0,2024-12-01,2024
202412,426,LSO,Lesotho,751528.0,2024-12-01,2024
202412,428,LVA,Latvia,7495765.0,2024-12-01,2024
202412,430,LBR,Liberia,93107.0,2024-12-01,2024
202412,434,LBY,Libya,167615.0,2024-12-01,2024
202412,440,LTU,Lithuania,1776711.0,2024-12-01,2024
202412,442,LUX,Luxembourg,5295.0,2024-12-01,2024
202412,446,MAC,"China, Macao SAR",856492.0,2024-12-01,2024
202412,450,MDG,Madagascar,1447071.0,2024-12-01,2024
202412,454,MWI,Malawi,71633.0,2024-12-01,2024
202412,458,MYS,Malaysia,37549081.0,2024-12-01,2024
202412,462,MDV,Maldives,4427938.0,2024-12-01,2024
202412,466,MLI,Mali,5495521.0,2024-12-01,2024
202412,470,MLT,Malta,14196.0,2024-12-01,2024
202412,478,MRT,Mauritania,146817.0,2024-12-01,2024
202412,480,MUS,Mauritius,305127.0,2024-12-01,2024
202412,484,MEX,Mexico,38704054.0,2024-12-01,2024
202412,490,S19,"Other Asia, nes",52114321.0,2024-12-01,2024
202412,496,MNG,Mongolia,35880.0,2024-12-01,2024
202412,498,MDA,Rep. of Moldova,120251.0,2024-12-01,2024
202412,499,MNE,Montenegro,7859.0,2024-12-01,2024
202412,504,MAR,Morocco,1732277.0,2024-12-01,2024
202412,508,MOZ,Mozambique,2864569.0,2024-12-01,2024
202412,512,OMN,Oman,1022435.0,2024-12-01,2024
202412,516,NAM,Namibia,319203.0,2024-12-01,2024
202412,524,NPL,Nepal,537960.0,2024-12-01,2024
202412,527,O19,"Oceania, nes",15598.0,2024-12-01,2024
202412,528,NLD,Netherlands,183572200.0,2024-12-01,2024
202412,531,CUW,Curaçao,6060269.0,2024-12-01,2024
202412,533,ABW,Aruba,1380.0,2024-12-01,2024
202412,540,NCL,New Caledonia,105531.0,2024-12-01,2024
202412,548,VUT,Vanuatu,19772.0,2024-12-01,2024
202412,554,NZL,New Zealand,3171051.0,2024-12-01,2024
202412,558,NIC,Nicaragua,29447.0,2024-12-01,2024
202412,562,NER,Niger,40233.0,2024-12-01,2024
202412,566,NGA,Nigeria,28503729.0,2024-12-01,2024
202412,568,E19,"Other Europe, nes",77.0,2024-12-01,2024
202412,579,NOR,Norway,6930877.0,2024-12-01,2024
202412,583,FSM,FS Micronesia,2049.0,2024-12-01,2024
202412,586,PAK,Pakistan,10379264.0,2024-12-01,2024
202412,591,PAN,Panama,3192521.0,2024-12-01,2024
202412,598,PNG,Papua New Guinea,380680.0,2024-12-01,2024
202412,600,PRY,Paraguay,208139.0,2024-12-01,2024
202412,604,PER,Peru,2789336.0,2024-12-01,2024
202412,608,PHL,Philippines,30601083.0,2024-12-01,2024
202412,616,POL,Poland,57489712.0,2024-12-01,2024
202412,620,PRT,Portugal,2074981.0,2024-12-01,2024
202412,624,GNB,Guinea-Bissau,532343.0,2024-12-01,2024
202412,634,QAT,Qatar,298840.0,2024-12-01,2024
202412,636,A79,"Rest of America, nes",89556.0,2024-12-01,2024
202412,642,ROU,Romania,18842199.0,2024-12-01,2024
202412,643,RUS,Russian Federation,28552643.0,2024-12-01,2024
202412,646,RWA,Rwanda,38313.0,2024-12-01,2024
202412,659,KNA,Saint Kitts and Nevis,11524.0,2024-12-01,2024
202412,662,LCA,Saint Lucia,50125.0,2024-12-01,2024
202412,674,SMR,San Marino,4650.0,2024-12-01,2024
202412,678,STP,Sao Tome and Principe,247.0,2024-12-01,2024
202412,682,SAU,Saudi Arabia,217889000.0,2024-12-01,2024
202412,686,SEN,Senegal,5587093.0,2024-12-01,2024
202412,688,SRB,Serbia,123305.0,2024-12-01,2024
202412,690,SYC,Seychelles,4928.0,2024-12-01,2024
202412,694,SLE,Sierra Leone,778950.0,2024-12-01,2024
202412,699,IND,India,233589356.0,2024-12-01,2024
202412,702,SGP,Singapore,15200457.0,2024-12-01,2024
202412,703,SVK,Slovakia,34305327.0,2024-12-01,2024
202412,704,VNM,Viet Nam,308923579.0,2024-12-01,2024
202412,705,SVN,Slovenia,36340401.0,2024-12-01,2024
202412,706,SOM,Somalia,260331.0,2024-12-01,2024
202412,710,ZAF,South Africa,88466585.0,2024-12-01,2024
202412,716,ZWE,Zimbabwe,5758556.0,2024-12-01,2024
202412,724,ESP,Spain,65362459.0,2024-12-01,2024
202412,728,SSD,South Sudan,250548.0,2024-12-01,2024
202412,729,SDN,Sudan,22748.0,2024-12-01,2024
202412,740,SUR,Suriname,12205.0,2024-12-01,2024
202412,752,SWE,Sweden,13455731.0,2024-12-01,2024
202412,757,CHE,Switzerland,4315488.0,2024-12-01,2024
202412,760,SYR,Syria,381294.0,2024-12-01,2024
202412,762,TJK,Tajikistan,744852.0,2024-12-01,2024
202412,764,THA,Thailand,38072861.0,2024-12-01,2024
202412,768,TGO,Togo,864030.0,2024-12-01,2024
202412,776,TON,Tonga,36663.0,2024-12-01,2024
202412,780,TTO,Trinidad and Tobago,30739.0,2024-12-01,2024
202412,784,ARE,United Arab Emirates,30485524.0,2024-12-01,2024
202412,788,TUN,Tunisia,143500.0,2024-12-01,2024
202412,792,TUR,Türkiye,38481089.0,2024-12-01,2024
202412,800,UGA,Uganda,306463.0,2024-12-01,2024
202412,804,UKR,Ukraine,8619739.0,2024-12-01,2024
202412,807,MKD,North Macedonia,188976.0,2024-12-01,2024
202412,818,EGY,Egypt,5486897.0,2024-12-01,2024
202412,826,GBR,United Kingdom,195945479.0,2024-12-01,2024
202412,834,TZA,United Rep. of Tanzania,2659003.0,2024-12-01,2024
202412,842,USA,USA,1912138708.0,2024-12-01,2024
202412,854,BFA,Burkina Faso,712718.0,2024-12-01,2024
202412,858,URY,Uruguay,1090698.0,2024-12-01,2024
202412,860,UZB,Uzbekistan,9709682.0,2024-12-01,2024
202412,862,VEN,Venezuela,2361174.0,2024-12-01,2024
202412,887,YEM,Yemen,2448519.0,2024-12-01,2024
202412,894,ZMB,Zambia,5682807.0,2024-12-01,2024
202412,899,_X ,"Areas, nes",584972.0,2024-12-01,2024
